Rk,Name,Age,Debut,Last Game,Pos,Tm,WAR,Ht,Wt,B,T,Birthdate,Birthplace,Draft/Signing,Schools,High School,Given Name,Name-additional
1,Juan Acevedo,24.360,Apr 30,Aug 5 2003,1,COL,2.7,6-2,245,R,R,May 5 1970,Ciudad Juarez Chihuahua MX,Drafted by the Colorado Rockies in the 14th round of the 1992 amateur draft. Player signed June 3 1992.,Parkland College (Champaign IL),Dundee-Crown HS (Carpentersville IL),Juan Carlos,aceveju01
2,Terry Adams,22.157,Aug 10,May 23 2005,1,CHC,4.1,6-3,180,R,R,Mar 6 1973,Mobile AL US,Drafted by the Chicago Cubs in the 4th round of the 1991 amateur draft. Player signed June 14 1991.,,Mary G. Montgomery HS (Semmes AL),Terry Wayne,adamste01
3,Pat Ahearne,25.186,Jun 14,Jun 30 1995,/1,DET,-0.4,6-3,195,R,R,Dec 10 1969,San Francisco CA US,Drafted by the Detroit Tigers in the 7th round of the 1992 amateur draft. Player signed June 17 1992.,Los Angeles Harbor College (Wilmington CA) Pepperdine University (Malibu CA),St. Bernard HS (Playa del Rey CA),Patrick Howard,ahearpa01
4,José Alberro,25.302,Apr 27,Aug 5 1997,1,TEX,-1.3,6-2,190,R,R,Jun 29 1969,San Juan PR,Signed by the Texas Rangers as an amateur free agent in 1991.,,San Juan (San Juan Puerto Rico),José Edgardo,alberjo01
5,Edgardo Alfonzo,21.169,Apr 26,Jun 11 2006,54H/6,NYM,28.8,5-11,210,R,R,Nov 8 1973,Santa Teresa del Tuy Miranda VE,Signed by the New York Mets as an amateur free agent in 1991.,,Cecilio Acosto (Caracas Venezuela),Edgardo Antonio,alfoned01
6,Tavo Álvarez,23.269,Aug 21,Sep 29 1996,/1,MON,-0.3,6-3,245,R,R,Nov 25 1971,Ciudad Obregon Sonora MX,Drafted by the Montreal Expos in the 2nd round of the 1990 amateur draft. Player signed June 19 1990.,,Tucson HS (Tucson AZ),Cesar Octavio,alvarta01
7,Shane Andrews,23.241,Apr 26,Sep 29 2002,53H,MON,2.0,6-1,215,R,R,Aug 28 1971,Dallas TX US,Drafted by the Montreal Expos in the 1st round (11th pick) of the 1990 amateur draft. Player signed June 5 1990.,,Carlsbad HS (Carlsbad NM),Darrell Shane,andresh01
8,Luis Andújar,22.290,Sep 8,Jun 28 1998,/1,CHW,-0.4,6-2,175,R,R,Nov 22 1972,Bani Peravia DO,Signed by the Chicago White Sox as an amateur free agent in 1990.,,Bani (Bani Dominican Republic),Luis,andujlu01
9,Rich Aurilia,24.004,Sep 6,Oct 4 2009,/6H,SFG,18.2,6-0,170,R,R,Sep 2 1971,Brooklyn NY US,Drafted by the Texas Rangers in the 24th round of the 1992 amateur draft. Player signed June 4 1992.,St. John's University (Queens NY),Xaverian HS (Brooklyn NY),Richard Santo,aurilri01
10,Roger Bailey,24.206,Apr 27,Sep 24 1997,1,COL,5.2,6-1,180,R,R,Oct 3 1970,Chattahoochee FL US,Drafted by the Colorado Rockies in the 3rd round of the 1992 amateur draft. Player signed June 10 1992.,Florida State University (Tallahassee FL),Chattahoochee HS (Chattahoochee FL),Charles Roger,bailero01
11,Scott Baker,25.060,Jul 17,Jul 17 1995,/1,OAK,-0.1,6-2,175,L,L,May 18 1970,San Jose CA US,Drafted by the St. Louis Cardinals in the 7th round of the 1990 amateur draft. Player signed June 7 1990.,Taft College (Taft CA),Basic HS (Henderson NV),Scott,bakersc01
12,James Baldwin,23.289,Apr 30,Sep 29 2005,/1,CHW,9.3,6-3,210,R,R,Jul 15 1971,Pinehurst NC US,Drafted by the Chicago White Sox in the 4th round of the 1990 amateur draft. Player signed June 6 1990.,,Pinecrest HS (Southern Pines NC),James,baldwja01
13,Brian Barber,22.161,Aug 12,Aug 1 1999,/1,STL,-0.6,6-1,175,R,R,Mar 4 1973,Hamilton OH US,Drafted by the St. Louis Cardinals in the 1st round (22nd pick) of the 1991 amateur draft. Player signed June 10 1991.,,Dr. Phillips HS (Orlando FL),Brian Scott,barbebr02
14,Brian Bark,26.314,Jul 6,Sep 8 1995,/1,BOS,0.1,5-9,170,L,L,Aug 26 1968,Baltimore MD US,Drafted by the Atlanta Braves in the 12th round of the 1990 amateur draft.,North Carolina State University (Raleigh NC),Randallstown HS (Randallstown MD),Brian Stuart,barkbr01
15,Jeff Barry,25.260,Jun 9,Oct 3 1999,H/79,NYM,-1.2,6-1,190,B,R,Sep 22 1969,Medford OR US,Drafted by the Montreal Expos in the 4th round of the 1990 amateur draft. Player signed June 5 1990.,San Diego State University (San Diego CA),South Medford HS (Medford OR),Jeffrey Finas,barryje01
16,Jason Bates,24.111,Apr 26,Sep 27 1998,465H,COL,-2.6,5-11,170,B,R,Jan 5 1971,Downey CA US,Drafted by the Colorado Rockies in the 7th round of the 1992 amateur draft. Player signed June 7 1992.,Cypress College (Cypress CA) University of Arizona (Tucson AZ),Esperanza HS (Anaheim CA),Jason Charles,batesja01
17,Allen Battle,26.148,Apr 26,Aug 14 1996,H79/8,STL,-0.6,6-0,170,R,R,Nov 29 1968,Grantham NC US,Drafted by the St. Louis Cardinals in the 10th round of the 1991 amateur draft. Player signed June 25 1991.,University of South Alabama (Mobile AL),Southern Wayne HS (Dudley NC),Allen Zelmo,battlal01
18,Howard Battle,23.164,Sep 5,Oct 3 1999,/5HD,TOR,0.1,6-0,210,R,R,Mar 25 1972,Biloxi MS US,Drafted by the Toronto Blue Jays in the 4th round of the 1990 amateur draft. Player signed June 6 1990.,,Mercy Cross HS (Ocean Springs MS),Howard Dion,battlho01
19,David Bell,22.231,May 3,Oct 1 2006,/5H,CLE,15.2,5-10,170,R,R,Sep 14 1972,Cincinnati OH US,Drafted by the Cleveland Indians in the 7th round of the 1990 amateur draft. Player signed June 12 1990.,,Archbishop Moeller HS (Cincinnati OH),David Michael,bellda01
20,Marvin Benard,24.228,Sep 5,Sep 27 2003,/8H,SFG,8.6,5-10,180,L,L,Jan 20 1971,Bluefields Atlantico Sur NI,Drafted by the San Francisco Giants in the 50th round of the 1992 amateur draft. Player signed June 4 1992.,Los Angeles Harbor College (Wilmington CA) Lewis-Clark State College (Lewiston ID),Bell HS (Bell CA),Marvin Larry,benarma01
21,Alan Benes,23.241,Sep 19,May 28 2003,/1,STL,1.3,6-5,215,R,R,Jan 21 1972,Evansville IN US,Drafted by the St. Louis Cardinals in the 1st round (16th pick) of the 1993 amateur draft. Player signed July 19 1993.,Creighton University (Omaha NE),Lake Forest HS (Lake Forest IL),Alan Paul,benesal01
22,Yamil Benítez,22.345,Sep 15,Sep 27 1998,/987H,MON,-0.6,6-2,195,R,R,Oct 5 1972,San Juan PR,Signed by the Montreal Expos as an amateur free agent in 1989.,,San Juan (San Juan Puerto Rico),Yamil Antonio,benitya01
23,Erik Bennett,26.244,May 15,Jun 8 1996,/1,CAL,-0.6,6-2,205,R,R,Sep 13 1968,Yreka CA US,Drafted by the California Angels in the 4th round of the 1989 amateur draft. Player signed June 12 1989.,California State University Sacramento (Sacramento CA),Yreka Union HS (Yreka CA),Erik Hans,benneer01
24,Gary Bennett,23.160,Sep 24,May 18 2008,/H,PHI,-3.1,6-0,190,R,R,Apr 17 1972,Waukegan IL US,Drafted by the Philadelphia Phillies in the 11th round of the 1990 amateur draft. Player signed June 12 1990.,,East HS (Waukegon IL) Waukegan East HS (Waukegan IL),Gary David,bennega01
25,Mike Bertotti,25.192,Jul 29,May 10 1997,/1,CHW,-0.7,6-1,185,L,L,Jan 18 1970,Jersey City NJ US,Drafted by the Chicago White Sox in the 31st round of the 1991 amateur draft. Player signed June 6 1991.,Iona University (New Rochelle NY),Cornwall Central HS (New Windsor NY),Michael David,bertomi01
26,Andrés Berumen,24.022,Apr 27,Jun 17 1996,1,SDP,-0.2,6-2,210,R,R,Apr 5 1971,Tijuana Baja California MX,Drafted by the Kansas City Royals in the 27th round of the 1989 amateur draft. Player signed June 7 1989.,,Banning HS (Banning CA) Phineas Banning HS (Wilmington CA),Andrés,beruman01
27,Ben Blomdahl,24.119,Apr 28,Sep 30 1995,1,DET,-0.3,6-2,185,R,R,Dec 30 1970,Long Beach CA US,Drafted by the Detroit Tigers in the 14th round of the 1990 amateur draft. Player signed May 28 1991.,Riverside City College (Riverside CA),Riverside Polytechnic HS (Riverside CA),Benjamin Earl,blomdbe01
28,Doug Bochtler,24.304,May 5,Jul 22 2000,1,SDP,1.7,6-3,205,R,R,Jul 5 1970,West Palm Beach FL US,Drafted by the Montreal Expos in the 9th round of the 1989 amateur draft. Player signed June 26 1989.,Indian River State College (Fort Pierce FL),John I. Leonard HS (Greenacres FL),Douglas Eugene,bochtdo01
29,Brian Boehringer,26.112,Apr 30,Jun 1 2004,/1,NYY,3.9,6-2,180,B,R,Jan 8 1969,St. Louis MO US,Drafted by the Chicago White Sox in the 4th round of the 1991 amateur draft. Player signed June 10 1991.,St. Louis Community College Meramec Campus (Kirkwood MO) University of Nevada Las Vegas (Paradise NV),Northwest HS (House Springs MO),Brian Edward,boehrbr01
30,Joe Borowski,24.066,Jul 9,Jul 1 2008,/1,BAL,3.6,6-2,225,R,R,May 4 1971,Bayonne NJ US,Drafted by the Chicago White Sox in the 32nd round of the 1989 amateur draft. Player signed August 13 1989.,,Bayonne HS (Bayonne NJ) Marist HS (Bayonne NJ),Joseph Thomas,borowjo01
31,Terry Bradshaw,26.090,May 4,Sep 29 1996,H/789,STL,0.1,6-0,180,L,R,Feb 3 1969,Franklin VA US,Drafted by the St. Louis Cardinals in the 9th round of the 1990 amateur draft. Player signed June 15 1990.,Norfolk State University (Norfolk VA),Windsor HS (Windsor VA),Terry Leon,bradste01
32,Doug Brady,25.286,Sep 5,Oct 1 1995,/4HD,CHW,0.2,5-11,165,B,R,Nov 23 1969,Jacksonville IL US,Drafted by the Chicago White Sox in the 12th round of the 1991 amateur draft. Player signed June 10 1991.,Liberty University (Lynchburg VA),Basic HS (Henderson NV),Stephen Douglas,bradydo01
33,Mark Brandenburg,25.006,Jul 20,Sep 27 1997,1,TEX,1.4,6-0,180,R,R,Jul 14 1970,Houston TX US,Drafted by the Texas Rangers in the 26th round of the 1992 amateur draft. Player signed June 2 1992.,Panola College (Carthage TX) Texas Tech University (Lubbock TX),Humble HS (Humble TX),Mark Clay,brandma01
34,Jamie Brewington,23.299,Jul 24,Sep 24 2000,1/H,SFG,0.4,6-4,180,R,R,Sep 28 1971,Greenville NC US,Drafted by the San Francisco Giants in the 10th round of the 1992 amateur draft. Player signed June 4 1992.,Virginia Commonwealth University (Richmond VA),Rose HS (Greenville NC),Jamie Chancellor,brewija01
35,Jorge Brito,28.312,Apr 30,Apr 21 1996,2,COL,-0.5,6-1,190,R,R,Jun 22 1966,Moncion Santiago Rodriguez DO,Signed by the Oakland Athletics as an amateur free agent in 1986.,,Moncion (Moncion Dominican Republic),Jorge Manuel,britojo01
36,Jim Bruske,30.322,Aug 25,May 13 2000,/1,LAD,0.8,6-1,185,R,R,Oct 7 1964,East St. Louis IL US,Drafted by the Cleveland Indians in the 1st round (6th pick) of the 1986 amateur draft (June Secondary). Player signed June 22 1986.,Antelope Valley College (Lancaster CA) Loyola Marymount University (Los Angeles CA),Palmdale HS (Palmdale CA),James Scott,bruskji01
37,Melvin Bunch,23.183,May 6,Jun 25 1999,1,KCR,-0.3,6-1,165,R,R,Nov 4 1971,Texarkana TX US,Drafted by the Kansas City Royals in the 15th round of the 1992 amateur draft. Player signed June 8 1992.,Texarkana College (Texarkana TX),Liberty Eylau HS (Texarkana TX),Melvin Lynn,bunchme01
38,Mike Busch,27.054,Aug 30,Aug 10 1996,5/H3,LAD,-0.3,6-5,245,R,R,Jul 7 1968,Davenport IA US,Drafted by the Los Angeles Dodgers in the 4th round of the 1990 amateur draft. Player signed June 8 1990.,Iowa State University (Ames IA),North Scott HS (Eldridge IA),Michael Anthony,buschmi01
39,Paul Byrd,24.237,Jul 28,Oct 3 2009,1,NYM,16.2,6-1,185,R,R,Dec 3 1970,Louisville KY US,Drafted by the Cleveland Indians in the 4th round of the 1991 amateur draft. Player signed June 10 1991.,Louisiana State University (Baton Rouge LA),St. Xavier HS (Louisville KY),Paul Gregory,byrdpa01
40,Edgar Cáceres,31.002,Jun 8,Oct 1 1995,4H/635D,KCR,0.2,6-1,170,B,R,Jun 6 1964,Barquisimeto Lara VE,Signed by the Los Angeles Dodgers as an amateur free agent in 1983.,,Barquisimeto (Barquisimeto Venezuela),Edgar Fidel,cacered01
41,Mike Cameron,22.231,Aug 27,Sep 12 2011,9/8H,CHW,46.7,6-2,210,R,R,Jan 8 1973,La Grange GA US,Drafted by the Chicago White Sox in the 18th round of the 1991 amateur draft. Player signed June 12 1991.,,LaGrange HS (LaGrange GA),Michael Terrance,camermi01
42,Rafael Carmona,23.228,May 18,Jun 12 1999,1,SEA,0.4,6-2,185,L,R,Oct 2 1971,Rio Piedras PR,Drafted by the Seattle Mariners in the 13th round of the 1993 amateur draft. Player signed June 5 1993.,Indian Hills Community College (Centerville IA),Juano Colon HS (Comerio Puerto Rico),Rafael,carmora01
43,Giovanni Carrara,27.147,Jul 29,Sep 23 2006,1,TOR,1.7,6-2,225,R,R,Mar 4 1968,El Tigre Anzoategui VE,Signed by the Toronto Blue Jays as an amateur free agent in 1990.,,Anzoategui (Anzoategui Venezuela),Giovanni,carragi01
44,Alberto Castillo,25.107,May 28,Jun 21 2007,2/H,NYM,1.7,6-0,184,R,R,Feb 10 1970,San Juan de la Maguana San Juan DO,Signed by the New York Mets as an amateur free agent in 1987.,,Mercedes Maria Mateo (Las Matas Dominican Republic),Alberto Terrero,castial01
45,Juan Castro,23.074,Sep 2,Jun 4 2011,/56H,LAD,-5.4,5-11,190,R,R,Jun 20 1972,Los Mochis Sinaloa MX,Signed by the Los Angeles Dodgers as an amateur free agent in 1991.,,CBTIS (Mexico),Juan Gabriel,castrju01
46,Roger Cedeño,20.308,Jun 20,Jun 5 2005,7H8/9,LAD,1.7,6-1,165,B,R,Aug 16 1974,Valencia Carabobo VE,Signed by the Los Angeles Dodgers as an amateur free agent in 1991.,,Valencia (Valencia Venezuela),Roger Leandro,cedenro01
47,Jason Christiansen,25.217,Apr 26,Oct 1 2005,1,PIT,3.8,6-5,230,R,L,Sep 21 1969,Omaha NE US,Signed by the Pittsburgh Pirates as an amateur free agent in 1991.,Iowa Western Community College (Council Bluffs IA) Cameron University (Lawton OK),Elkhorn HS (Elkhorn NE),Jason Samuel,chrisja01
48,Tony Clark,23.080,Sep 3,Jul 12 2009,3,DET,12.3,6-8,205,B,R,Jun 15 1972,Newton KS US,Drafted by the Detroit Tigers in the 1st round (2nd pick) of the 1990 amateur draft. Player signed July 10 1990.,San Diego State University (San Diego CA) University of Arizona (Tucson AZ),Christian HS (El Cajon CA),Anthony Christopher,clarkto02
49,Brad Clontz,24.001,Apr 26,Apr 30 2000,1,ATL,0.6,6-1,180,R,R,Apr 25 1971,Stuart VA US,Drafted by the Atlanta Braves in the 10th round of the 1992 amateur draft. Player signed June 3 1992.,Virginia Polytechnic Institute and State University (Blacksburg VA),Patrick County HS (Stuart VA),John Bradley,clontbr01
50,Brent Cookson,25.339,Aug 12,Jun 13 1999,H7/D9,KCR,-0.5,5-11,200,R,R,Sep 7 1969,Van Nuys CA US,Drafted by the Oakland Athletics in the 15th round of the 1991 amateur draft. Player signed June 9 1991.,Ventura College (Ventura CA) California State University Long Beach (Long Beach CA),Santa Paula HS (Santa Paula CA),Brent Adam,cooksbr01
51,Ron Coomer,28.256,Aug 1,Sep 28 2003,35/HD9,MIN,1.4,5-11,195,R,R,Nov 18 1966,Crest Hill IL US,Drafted by the Oakland Athletics in the 14th round of the 1987 amateur draft. Player signed June 6 1987.,Taft College (Taft CA),Lockport Township HS (Lockport IL),Ronald Bryan,coomero01
52,Marty Cordova,25.290,Apr 26,Apr 21 2003,*78,MIN,7.6,6-0,200,R,R,Jul 10 1969,Las Vegas NV US,Drafted by the Minnesota Twins in the 10th round of the 1989 amateur draft. Player signed July 5 1989.,Orange Coast College (Costa Mesa CA),Bishop Gorman HS (Las Vegas NV),Martin Kevin,cordoma01
53,Reid Cornelius,24.331,Apr 29,Sep 30 2000,/1,MON,0.7,6-0,200,R,R,Jun 2 1970,Thomasville AL US,Drafted by the Montreal Expos in the 11th round of the 1988 amateur draft. Player signed August 6 1988.,,Thomasville HS (Thomasville AL),Jonathan Reid,cornere01
54,Craig Counsell,25.027,Sep 17,Sep 28 2011,/6H,COL,22.4,6-0,180,L,R,Aug 21 1970,South Bend IN US,Drafted by the Colorado Rockies in the 11th round of the 1992 amateur draft. Player signed June 10 1992.,University of Notre Dame (South Bend IN),Whitefish Bay HS (Whitefish Bay WI),Craig John,counscr01
55,John Courtright,24.341,May 6,May 6 1995,/1,CIN,0.0,6-2,185,L,L,May 30 1970,Marion OH US,Drafted by the Cincinnati Reds in the 8th round of the 1991 amateur draft. Player signed June 7 1991.,Duke University (Durham NC),Harding HS (Marion OH),John Charles,courtjo01
56,Tim Crabtree,25.253,Jun 23,Jun 25 2001,1,TOR,4.3,6-4,205,R,R,Oct 13 1969,Jackson MI US,Drafted by the Toronto Blue Jays in the 2nd round of the 1992 amateur draft. Player signed June 4 1992.,Michigan State University (East Lansing MI),Grass Lake HS (Grass Lake MI),Timothy Lyle,crabtti01
57,Doug Creek,26.200,Sep 17,Oct 1 2005,/1,STL,-1.1,5-10,205,L,L,Mar 1 1969,Winchester VA US,Drafted by the St. Louis Cardinals in the 7th round of the 1991 amateur draft. Player signed July 11 1991.,Georgia Institute of Technology (Atlanta GA),Martinsburg HS (Martinsburg WV),Paul Douglas,creekdo01
58,Johnny Damon,21.280,Aug 12,Aug 1 2012,8/9H,KCR,56.3,6-2,205,L,L,Nov 5 1973,Fort Riley KS US,Drafted by the Kansas City Royals in the 1st round (35th pick) of the 1992 amateur draft. Player signed June 23 1992.,,Dr. Phillips HS (Orlando FL),Johnny David,damonjo01
59,Scott Davison,24.323,Sep 4,May 30 1996,/1,SEA,-0.2,6-0,190,R,R,Oct 16 1970,Inglewood CA US,Drafted by the Montreal Expos in the 4th round of the 1988 amateur draft. Player signed July 11 1988.,,Redondo Union HS (Redondo Beach CA),Scotty Ray,davissc01
60,Jim Dedrick,27.130,Aug 12,Sep 19 1995,/1,BAL,0.3,6-0,185,B,R,Apr 4 1968,Los Angeles CA US,Drafted by the Baltimore Orioles in the 33rd round of the 1990 amateur draft. Player signed June 7 1990.,Vanguard University of Southern California (Costa Mesa CA),Huntington Beach HS (Huntington Beach CA),James Michael,dedriji01
61,César Devarez,25.254,Jun 3,Sep 29 1996,/2H,BAL,-0.4,5-10,175,R,R,Sep 22 1969,San Francisco de Macoris Duarte DO,Signed by the Baltimore Orioles as an amateur free agent in 1988.,,San Pedro de Macoris (San Pedro de Macoris Dominican Republic),César Salvatore,devarce01
62,Glenn Dishman,24.229,Jun 22,Sep 7 1997,1,SDP,0.5,6-1,195,R,L,Nov 5 1970,Baltimore MD US,Signed by the San Diego Padres as an amateur free agent in 1993.,University of California Berkeley (Berkeley CA) Texas Christian University (Fort Worth TX),Moreau HS (Hayward CA),Glenelg Edward,dishmgl01
63,Jim Dougherty,27.050,Apr 27,Apr 20 1999,1,HOU,-1.3,6-0,210,R,R,Mar 8 1968,Brentwood NY US,Drafted by the Houston Astros in the 26th round of the 1990 amateur draft. Player signed March 20 1991.,University of North Carolina at Chapel Hill (Chapel Hill NC),Ross HS (Brentwood NY),James Elliott,doughji01
64,Matt Dunbar,26.192,Apr 25,May 20 1995,/1,FLA,-0.5,6-0,170,L,L,Oct 15 1968,Tallahassee FL US,Drafted by the New York Yankees in the 25th round of the 1990 amateur draft. Player signed June 9 1990.,Florida State University (Tallahassee FL),Dunedin HS (Dunedin FL),Matthew Marshall,dunbama01
65,Ray Durham,23.147,Apr 26,Sep 28 2008,*4/HD,CHW,33.8,5-8,170,B,R,Nov 30 1971,Charlotte NC US,Drafted by the Chicago White Sox in the 5th round of the 1990 amateur draft. Player signed June 5 1990.,,Harding HS (Charlotte NC),Ray,durhara01
66,Chris Eddy,25.150,Apr 26,May 12 1995,/1,OAK,-0.1,6-3,200,L,L,Nov 27 1969,Dallas TX US,Drafted by the Kansas City Royals in the 3rd round of the 1992 amateur draft. Player signed June 8 1992.,Texas Christian University (Fort Worth TX),Duncanville HS (Duncanville TX),Christopher Mark,eddych01
67,Ken Edenfield,28.054,May 11,Apr 6 1996,/1,CAL,0.0,6-1,165,R,R,Mar 18 1967,Jesup GA US,Drafted by the California Angels in the 21st round of the 1990 amateur draft. Player signed June 12 1990.,Western Kentucky University (Bowling Green KY),,Kenneth Edward,edenfke01
68,Angelo Encarnación,26.014,May 2,Sep 27 1997,2/H,PIT,-0.3,5-8,180,R,R,Apr 18 1969,Santo Domingo Distrito Nacional DO,Signed by the Pittsburgh Pirates as an amateur free agent in 1990.,,Santo Domingo (Santo Domingo Dominican Republic),Angelo Benjamin,encaran01
69,John Ericks,27.281,Jun 24,Apr 28 1997,1,PIT,0.0,6-7,220,R,R,Sep 16 1967,Tinley Park IL US,Drafted by the St. Louis Cardinals in the 1st round (22nd pick) of the 1988 amateur draft. Player signed June 2 1988.,University of Illinois at Urbana-Champaign (Champaign IL),Chicago Christian HS (Chicago IL),John Edward,erickjo01
70,Vaughn Eshelman,25.345,May 2,Jul 11 1997,1,BOS,-1.1,6-3,205,L,L,May 22 1969,Philadelphia PA US,Drafted by the Baltimore Orioles in the 4th round of the 1991 amateur draft. Player signed June 5 1991.,Blinn College (Brenham TX) University of Houston (Houston TX),Westfield HS (Houston TX),Vaughn Michael,eshelva01
71,Shawn Estes,22.210,Sep 16,Sep 24 2008,/1,SFG,10.4,6-2,185,R,L,Feb 18 1973,San Bernardino CA US,Drafted by the Seattle Mariners in the 1st round (11th pick) of the 1991 amateur draft. Player signed July 9 1991.,,Douglas HS (Minden NV),Aaron Shawn,estessh01
72,Ramón Fermín,22.254,Aug 6,Aug 6 1995,/1,OAK,-0.1,6-3,180,R,R,Nov 25 1972,San Francisco de Macoris Duarte DO,Signed by the Oakland Athletics as an amateur free agent in 1989.,,San Francisco de Macoris (San Francisco de Macoris Dominican Republic),Ramón Antonio,fermira01
73,Don Florence,28.145,Aug 8,Sep 19 1995,1,NYM,0.4,6-0,195,R,L,Mar 16 1967,Manchester NH US,Signed by the Boston Red Sox as an amateur free agent in 1987.,Crowder College (Neosho MO),Memorial HS (Manchester NH),Donald Emery,floredo01
74,Chad Fonville,24.054,Apr 28,Jul 9 1999,H/4,MON,0.0,5-6,155,B,R,Mar 5 1971,Jacksonville NC US,Drafted by the San Francisco Giants in the 11th round of the 1992 amateur draft. Player signed June 3 1992.,Louisburg College (Louisburg NC),White Oak HS (Jacksonville NC),Chad Everette,fonvich01
75,Brook Fordyce,24.354,Apr 26,Oct 2 2004,/H,NYM,1.7,6-1,185,R,R,May 7 1970,New London CT US,Drafted by the New York Mets in the 3rd round of the 1989 amateur draft. Player signed June 6 1989.,,St. Bernard School (Montville CT),Brook Alexander,fordybr01
76,Matt Franco,26.018,Sep 6,Sep 27 2003,H/435,CHC,0.2,6-2,200,L,R,Aug 19 1969,Santa Monica CA US,Drafted by the Chicago Cubs in the 7th round of the 1987 amateur draft. Player signed June 8 1987.,,Westlake HS (Westlake Village CA),Matthew Neil,francma01
77,Freddy García,22.274,May 2,Oct 3 1999,H7/5,PIT,-1.4,6-2,190,R,R,Aug 1 1972,La Romana La Romana DO,Signed by the Toronto Blue Jays as an amateur free agent in 1991.,,La Romana (La Romana Dominican Republic),Freddy Adrian,garcifr01
78,Karim García,19.308,Sep 2,Aug 24 2004,/H97,LAD,-3.2,6-0,210,L,L,Oct 29 1975,Ciudad Obregon Sonora MX,Signed by the Los Angeles Dodgers as an amateur free agent in 1992.,,Preparatoria Abierta (Mexico Mexico),Gustavo Karim,garcika01
79,Jason Giambi,24.120,May 8,Sep 27 2014,53/HD,OAK,50.5,6-3,240,L,R,Jan 8 1971,West Covina CA US,Drafted by the Oakland Athletics in the 2nd round of the 1992 amateur draft. Player signed July 3 1992.,California State University Long Beach (Long Beach CA),South Hills HS (West Covina CA),Jason Gilbert,giambja01
80,Steve Gibralter,22.235,Jun 1,Apr 4 1996,/8H,CIN,-0.2,6-0,185,R,R,Oct 9 1972,Dallas TX US,Drafted by the Cincinnati Reds in the 6th round of the 1990 amateur draft. Player signed July 1 1990.,,Duncanville HS (Duncanville TX),Stephan Benson,gibrast01
81,Brian Giles,24.239,Sep 16,Jun 18 2009,/H9D,CLE,51.1,5-11,195,L,L,Jan 20 1971,El Cajon CA US,Drafted by the Cleveland Indians in the 17th round of the 1989 amateur draft. Player signed July 18 1989.,,Granite Hills HS (El Cajon CA),Brian Stephen,gilesbr02
82,Ed Giovanola,26.190,Sep 10,Aug 25 1999,/4H56,ATL,-0.2,5-10,170,L,R,Mar 4 1969,Los Gatos CA US,Drafted by the Atlanta Braves in the 7th round of the 1990 amateur draft. Player signed June 17 1990.,Santa Clara University (Santa Clara CA),Bellarmine College Preparatory (San Jose CA),Edward Thomas,giovaed01
83,Brian Givens,29.230,Jun 24,Jun 26 1996,1,MIL,-0.4,6-6,220,R,L,Nov 6 1965,Lompoc CA US,Drafted by the New York Mets in the 10th round of the 1984 amateur draft (January). Player signed May 22 1984.,Trinidad State College (Trinidad CO),Overland HS (Aurora CO),Brian Allen,givenbr01
84,Curtis Goodwin,22.245,Jun 2,Aug 8 1999,8/HD,BAL,-1.1,5-11,180,L,L,Sep 30 1972,Oakland CA US,Drafted by the Baltimore Orioles in the 12th round of the 1991 amateur draft. Player signed June 12 1991.,,San Leandro HS (San Leandro CA),Curtis LaMar,goodwcu01
85,Mike Grace,25.073,Sep 1,Oct 1 1999,/1,PHI,0.7,6-4,210,R,R,Jun 20 1970,Joliet IL US,Drafted by the Philadelphia Phillies in the 10th round of the 1991 amateur draft. Player signed June 5 1991.,Bradley University (Peoria IL),Joliet Catholic Academy (Joliet IL),Michael James,gracemi02
86,Matt Grott,27.150,May 4,May 6 1995,/1,CIN,-0.4,6-1,210,L,L,Dec 5 1967,La Porte IN US,Signed by the Oakland Athletics as an amateur free agent in 1989.,Phoenix College (Phoenix AZ),Apollo HS (Glendale AZ),Matthew Allen,grottma01
87,Mark Grudzielanek,24.302,Apr 28,Jun 6 2010,654/H,MON,26.5,6-1,185,R,R,Jun 30 1970,Milwaukee WI US,Drafted by the Montreal Expos in the 11th round of the 1991 amateur draft. Player signed June 18 1991.,Trinidad State College (Trinidad CO),J. M. Hanks HS (El Paso TX),Mark James,grudzma01
88,Dave Hajek,27.336,Sep 15,Sep 26 1996,/H,HOU,0.1,5-10,165,R,R,Oct 14 1967,Roseville CA US,Signed by the Houston Astros as an amateur free agent in 1989.,California State Polytechnic University Pomona (Pomona CA),San Juan HS (Citrus Heights CA),David Vincent,hajekda01
89,Lee Hancock,28.068,Sep 3,May 13 1996,1,PIT,-0.2,6-4,215,L,L,Jun 27 1967,North Hollywood CA US,Drafted by the Seattle Mariners in the 4th round of the 1988 amateur draft. Player signed June 2 1988.,California Polytechnic State University San Luis Obispo (San Luis Obispo CA),Saratoga HS (Saratoga CA),Leland David,hancole01
90,Greg Hansell,24.047,Apr 28,Oct 3 1999,1,LAD,-0.4,6-5,213,R,R,Mar 12 1971,Bellflower CA US,Drafted by the Boston Red Sox in the 10th round of the 1989 amateur draft. Player signed June 22 1989.,,John F. Kennedy HS (La Palma CA),Gregory Michael,hansegr01
91,Tim Harikkala,23.316,May 27,Aug 12 2007,/1,SEA,-0.1,6-2,185,R,R,Jul 15 1971,West Palm Beach FL US,Drafted by the Seattle Mariners in the 34th round of the 1992 amateur draft. Player signed June 12 1992.,Florida Atlantic University (Boca Raton FL),Lake Worth Christian HS (Boynton Beach FL),Timothy Allan,harikti01
92,Dean Hartgraves,28.264,May 3,Jul 23 1998,1,HOU,0.2,6-0,185,R,L,Aug 12 1966,Bakersfield CA US,Drafted by the Houston Astros in the 20th round of the 1987 amateur draft. Player signed June 16 1987.,College of the Siskiyous (Weed CA) California State University Fresno (Fresno CA),Crater HS (Central Point OR),Dean Charles,hartgde01
93,Scott Hatteberg,25.268,Sep 8,May 25 2008,/2H,BOS,10.0,6-1,192,L,R,Dec 14 1969,Salem OR US,Drafted by the Boston Red Sox in the 1st round (43rd pick) of the 1991 amateur draft. Player signed June 13 1991.,Washington State University (Pullman WA),Dwight D. Eisenhower HS (Yakima WA),Scott Allen,hattesc01
94,LaTroy Hawkins,22.129,Apr 29,Oct 3 2015,/1,MIN,17.8,6-5,220,R,R,Dec 21 1972,Gary IN US,Drafted by the Minnesota Twins in the 7th round of the 1991 amateur draft. Player signed June 7 1991.,,West Side HS (Gary IN),LaTroy,hawkila01
95,Jimmy Haynes,23.008,Sep 13,May 4 2004,/1,BAL,3.0,6-4,185,R,R,Sep 5 1972,La Grange GA US,Drafted by the Baltimore Orioles in the 7th round of the 1991 amateur draft. Player signed June 5 1991.,,Troup County HS (LaGrange GA),Jimmy Wayne,hayneji01
96,Wilson Heredia,23.028,Apr 27,Sep 20 1997,/1,TEX,0.5,6-0,175,R,R,Mar 30 1972,La Romana La Romana DO,Signed by the Texas Rangers as an amateur free agent in 1990.,,San Pedro de Macoris (San Pedro de Macoris Dominican Republic),Wilson,heredwi01
97,Dustin Hermanson,22.138,May 8,Sep 24 2006,1,SDP,11.3,6-3,195,R,R,Dec 21 1972,Springfield OH US,Drafted by the San Diego Padres in the 1st round (3rd pick) of the 1994 amateur draft. Player signed June 20 1994.,Kent State University (Kent OH),Kenton Ridge HS (Springfield OH),Dustin Michael,hermadu01
98,José Herrera,22.347,Aug 12,Sep 29 1996,8H/D9,OAK,-0.7,6-0,165,L,L,Aug 30 1972,Santo Domingo Distrito Nacional DO,Signed by the Toronto Blue Jays as an amateur free agent in 1990.,,Villa Mella (Villa Mella Dominican Republic),José Ramón,herrejo02
99,Bobby Higginson,24.251,Apr 26,May 5 2005,*97H/D,DET,23.1,5-11,180,L,R,Aug 18 1970,Philadelphia PA US,Drafted by the Detroit Tigers in the 12th round of the 1992 amateur draft. Player signed June 2 1992.,Temple University (Philadelphia PA),Frankford HS (Philadelphia PA),Robert Leigh,higgibo02
100,Todd Hollandsworth,22.005,Apr 25,Sep 30 2006,8/7H9,LAD,6.5,6-2,193,L,L,Apr 20 1973,Dayton OH US,Drafted by the Los Angeles Dodgers in the 3rd round of the 1991 amateur draft. Player signed June 6 1991.,,Newport HS (Bellevue WA),Todd Mathew,hollato01
101,Chris Hook,26.269,Apr 30,Sep 29 1996,1,SFG,-1.2,6-5,230,R,R,Aug 4 1968,San Diego CA US,Signed by the Cincinnati Reds as an amateur free agent in 1989.,Northern Kentucky University (Highland Heights KY),Lloyd Memorial HS (Erlanger KY),Christopher Wayne,hookch01
102,Dwayne Hosey,28.174,Sep 1,Jun 20 1996,8/H7D9,BOS,1.3,5-10,175,B,R,Mar 11 1967,Sharon PA US,Drafted by the Chicago White Sox in the 13th round of the 1987 amateur draft. Player signed June 10 1987.,Pasadena City College (Pasadena CA),,Dwayne Samuel,hoseydw01
103,Mike Hubbard,24.147,Jul 13,Jun 13 2001,/2H,CHC,-2.2,6-1,180,R,R,Feb 16 1971,Lynchburg VA US,Drafted by the Chicago Cubs in the 8th round of the 1992 amateur draft. Player signed June 6 1992.,James Madison University (Harrisonburg VA),Amherst County HS (Amherst VA),Michael Wayne,hubbami01
104,Joe Hudson,24.254,Jun 10,Aug 7 1998,1,BOS,0.5,6-1,173,R,R,Sep 29 1970,Philadelphia PA US,Drafted by the Boston Red Sox in the 27th round of the 1992 amateur draft. Player signed June 15 1992.,West Virginia University (Morgantown WV),Holy Cross HS (Delran NJ),Joseph Paul,hudsojo02
105,Rick Huisman,26.110,Sep 4,Sep 28 1996,/1,KCR,0.3,6-3,200,R,R,May 17 1969,Oak Park IL US,Drafted by the San Francisco Giants in the 3rd round of the 1990 amateur draft. Player signed June 11 1990.,Lewis University (Romeoville IL),,Richard Allen,huismri01
106,Edwin Hurtado,25.110,May 22,Jul 30 1997,1,TOR,-0.8,6-3,215,R,R,Feb 1 1970,Barquisimeto Lara VE,Signed by the Toronto Blue Jays as an amateur free agent in 1990.,,Nagua (Nagua Dominican Republic),Edwin Amilgar,hurtaed01
107,Jason Isringhausen,22.313,Jul 17,Sep 19 2012,1,NYM,13.0,6-3,235,R,R,Sep 7 1972,Brighton IL US,Drafted by the New York Mets in the 44th round of the 1991 amateur draft. Player signed May 24 1992.,Lewis & Clark Community College (Godfrey IL),Southwestern HS (Piasa IL),Jason Derik,isrinja01
108,Mike James,27.257,Apr 29,May 5 2002,1,CAL,4.7,6-4,216,R,R,Aug 15 1967,Fort Walton Beach FL US,Drafted by the Los Angeles Dodgers in the 43rd round of the 1987 amateur draft. Player signed May 21 1988.,Lurleen B. Wallace Community College (Andalusia AL) Santa Fe College (Gainesville FL),Fort Walton Beach HS (Fort Walton Beach FL),Michael Elmo,jamesmi01
109,Derek Jeter,20.337,May 29,Sep 28 2014,6,NYY,71.3,6-3,195,R,R,Jun 26 1974,Pequannock NJ US,Drafted by the New York Yankees in the 1st round (6th pick) of the 1992 amateur draft. Player signed June 27 1992.,,Central HS (Kalamazoo MI),Derek Sanderson,jeterde01
110,Doug Johns,27.201,Jul 8,Oct 2 1999,1,OAK,3.1,6-2,185,R,L,Dec 19 1967,South Bend IN US,Drafted by the Oakland Athletics in the 16th round of the 1990 amateur draft. Player signed June 7 1990.,University of Virginia (Charlottesville VA),,Douglas Alan,johnsdo04
111,Mark Johnson,27.191,Apr 26,Jun 2 2002,3H,PIT,0.5,6-4,230,L,L,Oct 17 1967,Worcester MA US,Drafted by the Pittsburgh Pirates in the 20th round of the 1990 amateur draft. Player signed June 6 1990.,Dartmouth College (Hanover NH),Holy Name Central Catholic HS (Worcester MA),Mark Patrick,johnsma01
112,Kevin Jordan,25.303,Aug 8,Oct 7 2001,H/45,PHI,-1.9,6-1,185,R,R,Oct 9 1969,San Francisco CA US,Drafted by the New York Yankees in the 20th round of the 1990 amateur draft. Player signed June 8 1990.,Cañada College (Redwood City CA) University of Nebraska-Lincoln (Lincoln NE),Lowell HS (San Francisco CA),Kevin Wayne,jordake01
113,Ricardo Jordan,24.361,Jun 23,Apr 13 1998,1,TOR,0.1,6-0,175,L,L,Jun 27 1970,Boynton Beach FL US,Drafted by the Toronto Blue Jays in the 37th round of the 1990 amateur draft. Player signed June 22 1990.,Miami Dade College (Miami FL) Miami Dade College Kendall Campus (Miami FL),Atlantic Community HS (Delray Beach FL),Ricardo,jordari03
114,Matt Karchner,28.020,Jul 18,Jun 14 2000,1,CHW,2.4,6-4,245,R,R,Jun 28 1967,Berwick PA US,Drafted by the Kansas City Royals in the 8th round of the 1989 amateur draft.,Bloomsburg University of Pennsylvania (Bloomsburg PA),Berwick HS (Berwick PA),Matthew Dean,karchma01
115,Scott Karl,23.268,May 4,Sep 28 2000,1,MIL,8.7,6-2,195,L,L,Aug 9 1971,Fontana CA US,Drafted by the Milwaukee Brewers in the 6th round of the 1992 amateur draft. Player signed June 6 1992.,University of Hawaii at Manoa (Honolulu HI),Carlsbad HS (Carlsbad CA),Randall Scott,karlsc01
116,Ryan Karp,25.079,Jun 23,Sep 27 1997,/1,PHI,-0.4,6-4,217,L,L,Apr 5 1970,Los Angeles CA US,Drafted by the New York Yankees in the 9th round of the 1992 amateur draft. Player signed June 1 1992.,Los Angeles Harbor College (Wilmington CA) University of Miami (Coral Gables FL) Florida International University (Miami FL),Beverly Hills HS (Beverly Hills CA),Ryan Jason,karpry01
117,Brian Keyser,28.214,Jun 2,Sep 29 1996,1,CHW,0.9,6-1,180,R,R,Oct 31 1966,Castro Valley CA US,Drafted by the Chicago White Sox in the 19th round of the 1989 amateur draft. Player signed June 7 1989.,Stanford University (Palo Alto CA),Chico HS (Chico CA),Brian Lee,keysebr01
118,Dennis Konuszewski,24.181,Aug 4,Aug 4 1995,/1,PIT,-0.2,6-3,210,R,R,Feb 4 1971,Bridgeport MI US,Drafted by the Pittsburgh Pirates in the 7th round of the 1992 amateur draft. Player signed June 5 1992.,University of Michigan (Ann Arbor MI),Bridgeport HS (Bridgeport MI),Dennis John,konusde01
119,Brian Kowitz,25.301,Jun 4,Jun 16 1995,/9H78,ATL,-0.2,5-10,182,L,L,Aug 7 1969,Baltimore MD US,Drafted by the Atlanta Braves in the 9th round of the 1990 amateur draft.,Clemson University (Clemson SC),Boys' Latin School of Maryland (Baltimore MD),Brian Mark,kowitbr01
120,Rick Krivda,25.169,Jul 7,Sep 8 1998,1,BAL,0.4,6-1,180,R,L,Jan 19 1970,McKeesport PA US,Drafted by the Baltimore Orioles in the 23rd round of the 1991 amateur draft. Player signed June 6 1991.,Pennsylvania Western University California (California PA),McKeesport HS (McKeesport PA),Rick Michael,krivdri01
121,Marc Kroon,22.096,Jul 7,Jun 29 2004,/1,SDP,-0.4,6-2,190,B,R,Apr 2 1973,Bronx NY US,Drafted by the New York Mets in the 2nd round of the 1991 amateur draft. Player signed June 13 1991.,,Shadow Mountain HS (Phoenix AZ),Marc Jason,kroonma01
122,Matt Lawton,23.279,Sep 5,May 16 2006,8/9HD7,MIN,15.1,5-10,180,L,R,Nov 30 1971,Gulfport MS US,Drafted by the Minnesota Twins in the 13th round of the 1991 amateur draft. Player signed August 12 1991.,Mississippi Gulf Coast Community College (Perkinston MS),Harrison Central HS (Gulfport MS),Matthew,lawtoma02
123,Aaron Ledesma,24.029,Jul 2,Jun 10 2000,H5/36,NYM,2.5,6-2,200,R,R,Jun 3 1971,Union City CA US,Drafted by the New York Mets in the 2nd round of the 1990 amateur draft. Player signed June 5 1990.,Chabot College (Hayward CA),Logan HS (Union City CA),Aaron David,ledesaa01
124,Felipe Lira,23.001,Apr 27,May 21 2001,1,DET,5.2,6-0,170,R,R,Apr 26 1972,Santa Teresa del Tuy Miranda VE,Signed by the Detroit Tigers as an amateur free agent in 1990.,,Miranda (Miranda Venezuela),Antonio Felipe,lirafe01
125,Esteban Loaiza,23.119,Apr 29,Jun 11 2008,1/H,PIT,22.7,6-2,230,R,R,Dec 31 1971,Tijuana Baja California MX,Signed by the Pittsburgh Pirates as an amateur free agent in 1991.,,Mar Vista HS (Imperial Beach CA),Esteban Antonio,loaizes01
126,Kevin Lomon,23.158,Apr 27,Sep 28 1996,/1,NYM,-0.1,6-1,195,R,R,Nov 20 1971,Fort Smith AR US,Drafted by the Atlanta Braves in the 14th round of the 1991 amateur draft. Player signed July 16 1991.,University of Arkansas-Fort Smith (Fort Smith AR),Cameron HS (Cameron OK),Kevin Dale,lomonke01
127,Mark Loretta,24.021,Sep 4,Oct 4 2009,6/4HD,MIL,19.4,6-0,175,R,R,Aug 14 1971,Santa Monica CA US,Drafted by the Milwaukee Brewers in the 7th round of the 1993 amateur draft. Player signed June 18 1993.,Northwestern University (Evanston IL),St. Francis HS (La Canada CA),Mark David,loretma01
128,Ron Mahay,23.327,May 21,Aug 21 2010,/8,BOS,7.9,6-2,200,L,L,Jun 28 1971,Crestwood IL US,Drafted by the Boston Red Sox in the 18th round of the 1991 amateur draft. Player signed June 7 1991.,South Suburban College (South Holland IL),Alan B. Shepard HS (Palos Heights IL),Ronald Matthew,mahayro01
129,Matt Mantei,21.346,Jun 18,Jul 1 2005,1,FLA,4.3,6-1,181,R,R,Jul 7 1973,Tampa FL US,Drafted by the Seattle Mariners in the 25th round of the 1991 amateur draft. Player signed June 8 1991.,,River Valley HS (Three Oaks MI),Matthew Bruce,mantema01
130,Isidro Márquez,29.347,Apr 26,May 12 1995,/1,CHW,0.0,5-11,220,R,R,May 14 1965,Navojoa Sonora MX,,,,Isidro,marquis01
131,Sandy Martínez,24.259,Jun 24,Oct 3 2004,2/H,TOR,-2.0,6-2,200,L,R,Oct 8 1970,Villa Mella Santo Domingo DO,Signed by the Toronto Blue Jays as an amateur free agent in 1990.,,Villa Mella (Villa Mella Dominican Republic),Angel Sandy,martisa01
132,Dan Masteller,27.098,Jun 23,Oct 1 1995,3H9/D7,MIN,-0.9,6-0,185,L,L,Mar 17 1968,Toledo OH US,Drafted by the Minnesota Twins in the 11th round of the 1989 amateur draft.,Michigan State University (East Lansing MI),Charles F. Brush HS (Lyndhurst OH),Dan Patrick,masteda01
133,T.J. Mathews,25.200,Jul 28,Jul 24 2002,1,STL,4.8,6-2,200,R,R,Jan 9 1970,Belleville IL US,Drafted by the St. Louis Cardinals in the 36th round of the 1992 amateur draft. Player signed June 5 1992.,St. Louis Community College Meramec Campus (Kirkwood MO) University of Nevada Las Vegas (Paradise NV) University of Nevada Reno (Reno NV),Columbia HS (Columbia IL),Timothy Jay,mathet.01
134,Brian Maxcy,24.022,May 26,Apr 25 1996,1,DET,-1.5,6-1,170,R,R,May 4 1971,Amory MS US,Drafted by the Detroit Tigers in the 20th round of the 1992 amateur draft. Player signed June 4 1992.,University of Mississippi (Oxford MS),,David Brian,maxcybr01
135,Darrell May,23.089,Sep 10,Jul 15 2005,/1,ATL,5.7,6-2,190,L,L,Jun 13 1972,San Bernardino CA US,Drafted by the Atlanta Braves in the 46th round of the 1992 amateur draft. Player signed June 5 1992.,Sacramento City College (Sacramento CA),Rogue River HS (Rogue River OR),Darrell Kevin,mayda02
136,Jamie McAndrew,27.318,Jul 17,Jul 23 1997,1,MIL,-0.1,6-2,190,R,R,Sep 2 1967,Williamsport PA US,Drafted by the Los Angeles Dodgers in the 1st round (28th pick) of the 1989 amateur draft. Player signed June 10 1989.,University of Florida (Gainesville FL),Ponderosa HS (Parker CO),James Brian,mcandja01
137,Quinton McCracken,25.032,Sep 17,Jul 5 2006,/H8,COL,0.3,5-7,170,B,R,Aug 16 1970,Wilmington NC US,Drafted by the Colorado Rockies in the 25th round of the 1992 amateur draft. Player signed June 4 1992.,Duke University (Durham NC),South Brunswick HS (Southport NC),Quinton Antoine,mccraqu01
138,Jeff McCurry,25.105,May 6,Jun 22 1999,1,PIT,-0.8,6-7,210,R,R,Jan 21 1970,Tokyo Tokyo JP,Drafted by the Pittsburgh Pirates in the 14th round of the 1990 amateur draft. Player signed May 25 1991.,San Jacinto College (Pasadena TX) San Jacinto College North Campus (Houston TX),St. Thomas HS (Houston TX),Jeffrey Dee,mccurje01
139,Jim Mecir,25.111,Sep 4,Sep 28 2005,/1,SEA,8.0,6-1,195,B,R,May 16 1970,Bayside NY US,Drafted by the Seattle Mariners in the 3rd round of the 1991 amateur draft. Player signed June 4 1991.,Eckerd College (St. Petersburg FL),Smithtown East HS (St. James NY),James Jason,mecirji01
140,Paul Menhart,26.033,Apr 27,Sep 27 1997,1,TOR,0.3,6-2,190,R,R,Mar 25 1969,St. Louis MO US,Drafted by the Toronto Blue Jays in the 8th round of the 1990 amateur draft. Player signed June 6 1990.,Western Carolina University (Cullowhee NC),Robert E. Fitch HS (Groton CT),Paul Gerard,menhapa01
141,Michael Mimbs,26.082,May 6,May 16 1997,1,PHI,-0.4,6-2,182,L,L,Feb 13 1969,Macon GA US,Drafted by the Los Angeles Dodgers in the 24th round of the 1990 amateur draft. Player signed June 11 1990.,Mercer University (Macon GA),Windsor Academy (Macon GA),Michael Randall,mimbsmi01
142,Steve Mintz,26.175,May 18,Oct 2 1999,1,SFG,-0.7,5-11,190,L,R,Nov 24 1968,Wilmington NC US,Drafted by the Los Angeles Dodgers in the 17th round of the 1990 amateur draft. Player signed June 7 1990.,Louisburg College (Louisburg NC) University of Mount Olive (Mount Olive NC),North Brunswick HS (Leland NC),Stephen Wayne,mintzst01
143,Ramón Morel,20.325,Jul 6,Sep 27 1997,/1,PIT,0.1,6-2,175,R,R,Aug 15 1974,Villa Gonzalez Santiago DO,Signed by the Pittsburgh Pirates as an amateur free agent in 1991.,,Villa Gonzalez (Villa Gonzalez Dominican Republic),Ramón Rafael,morelra01
144,Lyle Mouton,26.025,Jun 7,May 19 2001,97/HD,CHW,1.7,6-4,240,R,R,May 13 1969,Lafayette LA US,Drafted by the New York Yankees in the 5th round of the 1991 amateur draft. Player signed June 18 1991.,Louisiana State University (Baton Rouge LA),St. Thomas More Catholic HS (Lafayette LA),Lyle Joseph,moutoly01
145,Noe Muñoz,27.170,Apr 30,May 14 1995,/2,LAD,0.0,6-2,210,R,R,Nov 11 1967,San Cristobal Estado de Mexico MX,Signed by the Los Angeles Dodgers as an amateur free agent in 1993.,,Emiliana Zapata (Mexico),Noe,munozno01
146,Oscar Muñoz,25.315,Aug 6,Sep 30 1995,1,MIN,-0.3,6-3,210,R,R,Sep 25 1969,Hialeah FL US,Drafted by the Cleveland Indians in the 5th round of the 1990 amateur draft.,University of Miami (Coral Gables FL),Christopher Columbus HS (Miami FL),Juan Oscar,munozos01
147,Matt Murray,24.320,Aug 12,Sep 25 1995,/1,ATL,-0.7,6-6,240,L,R,Sep 26 1970,Boston MA US,Drafted by the Atlanta Braves in the 2nd round of the 1988 amateur draft.,,The Loomis Chaffee School (Windsor CT),Matthew Michael,murrama01
148,Mike Myers,25.303,Apr 25,Sep 30 2007,/1,FLA,8.1,6-3,197,L,L,Jun 26 1969,Arlington Heights IL US,Drafted by the San Francisco Giants in the 4th round of the 1990 amateur draft. Player signed June 6 1990.,Iowa State University (Ames IA),Crystal Lake Central HS (Crystal Lake IL),Michael Stanley,myersmi01
149,Phil Nevin,24.143,Jun 11,Sep 29 2006,5/H,HOU,15.9,6-2,180,R,R,Jan 19 1971,Fullerton CA US,Drafted by the Houston Astros in the 1st round (1st pick) of the 1992 amateur draft. Player signed June 18 1992.,California State University Fullerton (Fullerton CA),El Dorado HS (Placentia CA),Phillip Joseph,nevinph01
150,Chris Nichting,29.002,May 15,Jul 2 2002,1,TEX,-0.1,6-1,205,R,R,May 13 1966,Cincinnati OH US,Drafted by the Los Angeles Dodgers in the 3rd round of the 1987 amateur draft. Player signed August 26 1987.,Northwestern University (Evanston IL),Elder HS (Cincinnati OH),Christopher Thomas,nichtch01
151,C.J. Nitkowski,22.086,Jun 3,Jun 7 2005,/1,CIN,-1.0,6-2,185,L,L,Mar 9 1973,Suffern NY US,Drafted by the Cincinnati Reds in the 1st round (9th pick) of the 1994 amateur draft. Player signed June 3 1994.,St. John's University (Queens NY),Don Bosco Preparatory HS (Ramsey NJ),Christopher John,nitkoc.01
152,Hideo Nomo,26.244,May 2,Apr 18 2008,1,LAD,20.9,6-2,210,R,R,Aug 31 1968,Osaka Osaka JP,Signed as a Free Agent with the Los Angeles Dodgers in 1995.,,Seiyo Kogyo (Osaka City Japan),Hideo,nomohi01
153,Les Norman,26.093,May 29,Sep 29 1996,H/98D7,KCR,-0.5,6-1,185,R,R,Feb 25 1969,Warren MI US,Drafted by the Kansas City Royals in the 25th round of the 1991 amateur draft. Player signed June 12 1991.,University of St. Francis (Joliet IL),,Leslie Eugene,normale01
154,Jon Nunnally,23.168,Apr 26,May 31 2000,*9H7/8D,KCR,5.1,5-10,190,L,R,Nov 9 1971,Danville VA US,Drafted by the Cleveland Indians in the 3rd round of the 1992 amateur draft. Player signed June 3 1992.,Miami Dade College (Miami FL) Miami Dade College Kendall Campus (Miami FL),Hargrave Military Academy (Chatham VA),Jonathan Keith,nunnajo01
155,Alex Ochoa,23.173,Sep 18,Sep 29 2002,9/H,NYM,6.4,6-0,175,R,R,Mar 29 1972,Miami Lakes FL US,Drafted by the Baltimore Orioles in the 3rd round of the 1991 amateur draft. Player signed June 10 1991.,,Hialeah-Miami Lakes HS (Hialeah FL),Alex,ochoaal01
156,Antonio Osuna,22.013,Apr 25,Apr 10 2005,1,LAD,6.1,5-11,160,R,R,Apr 12 1973,Guasave Sinaloa MX,Signed by the Los Angeles Dodgers as an amateur free agent in 1991.,,Secondaria Federale (Sinaloa Mexico),Antonio Pedro,osunaan01
157,Ricky Otero,23.011,Apr 26,Aug 17 1997,H7/8,NYM,-0.9,5-7,150,B,L,Apr 15 1972,Vega Baja PR,Drafted by the New York Mets in the 45th round of the 1990 amateur draft. Player signed September 10 1990.,,Lino Padron Rivera (Vega Baja Puerto Rico),Ricardo,oterori01
158,Eric Owens,24.123,Jun 6,Sep 27 2003,/5H,CIN,-0.4,6-1,185,R,R,Feb 3 1971,Danville VA US,Drafted by the Cincinnati Reds in the 4th round of the 1992 amateur draft. Player signed June 2 1992.,Ferrum College (Ferrum VA),Tunstall HS (Dry Fork VA),Eric Blake,owenser01
159,Orlando Palmeiro,26.163,Jul 1,Sep 30 2007,H/87D,CAL,2.6,5-11,155,L,L,Jan 19 1969,Hoboken NJ US,Drafted by the California Angels in the 33rd round of the 1991 amateur draft. Player signed June 6 1991.,Miami Dade College Kendall Campus (Miami FL) University of Miami (Coral Gables FL),Miami Southridge HS (Miami FL),Orlando,palmeor01
160,José Parra,22.160,May 7,Jul 17 2004,/1,LAD,-0.8,5-11,160,R,R,Nov 28 1972,Jacagua Santiago DO,Signed by the Los Angeles Dodgers as an amateur free agent in 1989.,,Jacagua (Jacagua Dominican Republic),José Miguel,parrajo01
161,Steve Parris,27.186,Jun 21,Jun 17 2003,1,PIT,5.0,6-0,190,R,R,Dec 17 1967,Joliet IL US,Drafted by the Philadelphia Phillies in the 5th round of the 1989 amateur draft. Player signed June 12 1989.,University of St. Francis (Joliet IL),Joliet Township HS West (Joliet IL),Steven Michael,parrist01
162,Jeff Patterson,26.211,Apr 30,May 7 1995,/1,NYY,0.1,6-2,200,R,R,Oct 1 1968,Anaheim CA US,Drafted by the Philadelphia Phillies in the 58th round of the 1988 amateur draft.,Cypress College (Cypress CA),Loara HS (Anaheim CA),Jeffrey Simmons,patteje01
163,Rudy Pemberton,25.130,Apr 26,Jun 2 1997,/7HD9,DET,0.7,6-1,185,R,R,Dec 17 1969,San Pedro de Macoris San Pedro de Macoris DO,Signed by the Detroit Tigers as an amateur free agent in 1987.,,San Pedro de Macoris (San Pedro de Macoris Dominican Republic),Rudy Hector,pemberu01
164,Shannon Penn,25.229,Apr 28,Sep 29 1996,/4,DET,-0.5,5-10,163,B,R,Sep 11 1969,Cincinnati OH US,Drafted by the Texas Rangers in the 58th round of the 1988 amateur draft.,Lakeland Community College (Kirtland OH),,Shannon Dion,pennsh01
165,Troy Percival,25.260,Apr 26,May 21 2009,1,CAL,17.0,6-3,200,R,R,Aug 9 1969,Fontana CA US,Drafted by the California Angels in the 6th round of the 1990 amateur draft. Player signed June 8 1990.,University of California Riverside (Riverside CA),Moreno Valley HS (Moreno Valley CA),Troy Eugene,percitr01
166,Carlos Pérez,24.013,Apr 27,Sep 5 2000,1,MON,6.2,6-3,195,L,L,Apr 14 1971,Nigua San Cristobal DO,Signed by the Montreal Expos as an amateur free agent in 1988.,,,Carlos Gross,perezca01
167,Eddie Pérez,27.129,Sep 10,Sep 27 2005,/2H3,ATL,1.8,6-1,175,R,R,May 4 1968,Ciudad Ojeda Zulia VE,Signed by the Atlanta Braves as an amateur free agent in 1986.,,Doctor Raul Cuenca (Ciudad Ojeda Venezuela),Eduardo Rafael,perezed02
168,Tomás Pérez,21.125,May 3,Apr 21 2008,6/4H5,TOR,-0.2,5-11,185,B,R,Dec 29 1973,Barquisimeto Lara VE,Signed by the Montreal Expos as an amateur free agent in 1991.,,Barquisimeto (Barquisimeto Venezuela),Tomás Orlando,perezto03
169,Robert Person,25.347,Sep 18,Jun 7 2003,/1,NYM,4.6,6-0,180,R,R,Oct 6 1969,St. Louis MO US,Drafted by the Cleveland Indians in the 25th round of the 1989 amateur draft. Player signed June 12 1989.,Seminole State College (Seminole OK) University of Arkansas (Fayetteville AR),University City HS (University City MO),Robert Alan,persoro01
170,Andy Pettitte,22.318,Apr 29,Sep 28 2013,1,NYY,60.2,6-5,235,L,L,Jun 15 1972,Baton Rouge LA US,Drafted by the New York Yankees in the 22nd round of the 1990 amateur draft. Player signed May 25 1991.,San Jacinto College North Campus (Houston TX),Deer Park HS (Deer Park TX),Andrew Eugene,pettian01
171,Jeff Pierce,25.323,Apr 26,May 24 1995,1,BOS,-0.4,6-1,187,R,R,Jun 7 1969,Poughkeepsie NY US,Signed by the Chicago White Sox as an amateur free agent in 1991.,Dutchess Community College (Poughkeepsie NY) North Carolina State University (Raleigh NC),,Jeffrey Charles,piercje01
172,Jim Pittsley,21.050,May 23,Jul 18 1999,/1,KCR,-1.1,6-7,215,R,R,Apr 3 1974,Du Bois PA US,Drafted by the Kansas City Royals in the 1st round (17th pick) of the 1992 amateur draft. Player signed June 26 1992.,,DuBois Area HS (DuBois PA),James Michael,pittsji01
173,Jorge Posada,25.018,Sep 4,Sep 28 2011,/2,NYY,42.7,6-2,215,B,R,Aug 17 1970,Santurce PR,Drafted by the New York Yankees in the 24th round of the 1990 amateur draft. Player signed May 24 1991.,Calhoun Community College (Decatur AL),Colegio Alejandrino (Guaynabo Puerto Rico),Jorge Rafael,posadjo01
174,Jay Powell,23.244,Sep 10,Jul 29 2005,/1,FLA,2.8,6-4,220,R,R,Jan 9 1972,Meridian MS US,Drafted by the Baltimore Orioles in the 1st round (19th pick) of the 1993 amateur draft. Player signed July 18 1993.,Mississippi State University (Mississippi State MS),West Lauderdale HS (Collinsville MS),James Willard,powelja04
175,Arquimedez Pozo,22.019,Sep 12,Sep 28 1997,/4H,SEA,-0.5,5-10,160,R,R,Aug 24 1973,Santo Domingo Distrito Nacional DO,Signed by the Seattle Mariners as an amateur free agent in 1990.,,Santo Domingo (Santo Domingo Dominican Republic),Arquimedez,pozoar01
176,Ariel Prieto,25.253,Jul 2,May 10 2001,1,OAK,3.2,6-3,220,R,R,Oct 22 1969,La Habana La Habana CU,Drafted by the Oakland Athletics in the 1st round (5th pick) of the 1995 amateur draft. Player signed June 28 1995.,Universidad Manuel Fajardo (Santiago de Cuba Cuba),Havana (La Habana Cuba),Ariel,prietar01
177,Bill Pulsipher,21.251,Jun 17,May 7 2005,1,NYM,0.5,6-3,230,L,L,Oct 9 1973,Fort Benning GA US,Drafted by the New York Mets in the 2nd round of the 1991 amateur draft. Player signed August 22 1991.,,Fairfax HS (Fairfax VA),William Thomas,pulsibi01
178,Brian Raabe,27.316,Sep 17,Sep 28 1997,/45H,MIN,-0.2,5-9,170,R,R,Nov 5 1967,New Ulm MN US,Drafted by the Minnesota Twins in the 41st round of the 1990 amateur draft. Player signed June 8 1990.,University of Minnesota (Minneapolis MN),New Ulm HS (New Ulm MN),Brian Charles,raabebr01
179,Brad Radke,22.184,Apr 29,Sep 28 2006,1,MIN,45.3,6-2,180,R,R,Oct 27 1972,Eau Claire WI US,Drafted by the Minnesota Twins in the 8th round of the 1991 amateur draft. Player signed June 22 1991.,,Jesuit HS (Tampa FL),Brad William,radkebr01
180,Joe Randa,25.133,Apr 30,Oct 1 2006,5/4HD,KCR,21.4,5-11,190,R,R,Dec 18 1969,Milwaukee WI US,Drafted by the Kansas City Royals in the 11th round of the 1991 amateur draft. Player signed June 4 1991.,Indian River State College (Fort Pierce FL) University of Tennessee (Knoxville TN),Kettle Moraine HS (Wales WI),Joseph Gregory,randajo01
181,Bryan Rekar,23.046,Jul 19,Apr 28 2002,1,COL,1.9,6-3,205,R,R,Jun 3 1972,Oaklawn IL US,Drafted by the Colorado Rockies in the 2nd round of the 1993 amateur draft. Player signed June 7 1993.,Bradley University (Peoria IL),Providence Catholic HS (New Lenox IL),Bryan Robert,rekarbr01
182,Alberto Reyes,25.017,Apr 27,Aug 5 2008,1,MIL,6.0,6-1,230,R,R,Apr 10 1970,San Cristobal San Cristobal DO,Signed by the Montreal Expos as an amateur free agent in 1988.,,Francisco Sanche (Dominican Republic),Rafael Alberto,reyesal01
183,Chuck Ricci,26.292,Sep 8,Oct 1 1995,/1,PHI,0.4,6-2,180,R,R,Nov 20 1968,Abington PA US,Drafted by the Baltimore Orioles in the 4th round of the 1987 amateur draft. Player signed June 15 1987.,,Shawnee HS (Medford NJ),Charles Mark,riccich01
184,Ron Rightnowar,30.257,May 20,Sep 26 1995,1,MIL,0.1,6-3,190,R,R,Sep 5 1964,Toledo OH US,Signed by the Detroit Tigers as an amateur free agent in 1986.,Eastern Michigan University (Ypsilanti MI),Whitmer HS (Toledo OH),Ronald Gene,rightro01
185,Mariano Rivera,25.175,May 23,Sep 26 2013,1,NYY,56.3,6-2,195,R,R,Nov 29 1969,Panama Panama PA,Signed by the New York Yankees as an amateur free agent in 1990.,,La Chorrera (La Chorrera Panama),Mariano,riverma01
186,Roberto Rivera,26.245,Sep 3,May 5 1999,/1,CHC,0.0,6-0,175,L,L,Jan 1 1969,Bayamon PR,Signed by the Cleveland Indians as an amateur free agent in 1988.,,Agustin (Bayamon Puerto Rico),Roberto,riverro01
187,Rubén Rivera,21.293,Sep 3,May 28 2003,/7H,NYY,5.6,6-3,195,R,R,Nov 14 1973,Chorrera West Panama PA,Signed by the New York Yankees as an amateur free agent in 1990.,,La Chorrera (La Chorrera Panama),Rubén,riverru01
188,Joe Roa,23.344,Sep 20,Sep 22 2004,/1,CLE,0.2,6-1,195,R,R,Oct 11 1971,Southfield MI US,Drafted by the Atlanta Braves in the 18th round of the 1989 amateur draft. Player signed June 14 1989.,,Hazel Park HS (Hazel Park MI),Joseph Rodger,roajo01
189,Sid Roberson,23.255,May 20,Sep 29 1995,1,MIL,0.4,5-9,170,L,L,Sep 7 1971,Jacksonville FL US,Drafted by the Milwaukee Brewers in the 29th round of the 1992 amateur draft. Player signed June 4 1992.,University of North Florida (Jacksonville FL),,Sidney Dean,robersi01
190,Ken Robinson,25.259,Jul 20,Sep 24 1997,1,TOR,0.6,5-9,175,R,R,Nov 3 1969,Barberton OH US,Drafted by the Toronto Blue Jays in the 10th round of the 1991 amateur draft. Player signed June 24 1991.,Cleveland State University (Cleveland OH) Florida State College at Jacksonville (Jacksonville FL) Florida State University (Tallahassee FL),,Kenneth Neal,robinke01
191,Félix Rodríguez,22.246,May 13,Sep 30 2006,1,LAD,8.5,6-1,170,R,R,Sep 9 1972,Monte Cristi Monte Cristi DO,Signed by the Los Angeles Dodgers as an amateur free agent in 1989.,,Liceo Vigiador (Monte Cristi Dominican Republic),Félix Antonio,rodrife01
192,Frankie Rodriguez,22.136,Apr 26,Jul 22 2001,/1,BOS,1.2,6-0,193,R,R,Dec 11 1972,Brooklyn NY US,Drafted by the Boston Red Sox in the 2nd round of the 1990 amateur draft. Player signed June 2 1991.,Howard College (Big Spring TX),Eastern District HS (Brooklyn NY),Francisco,rodrifr02
193,Steve Rodriguez,24.152,Apr 30,Oct 1 1995,/H64D,BOS,-0.3,5-8,170,R,R,Nov 29 1970,Las Vegas NV US,Drafted by the Boston Red Sox in the 5th round of the 1992 amateur draft. Player signed July 15 1992.,Pepperdine University (Malibu CA),Valley HS (Las Vegas NV),Steven James,rodrist01
194,Jimmy Rogers,28.208,Jul 30,Sep 27 1995,1,TOR,0.1,6-2,200,R,R,Jan 3 1967,Tulsa OK US,Drafted by the Toronto Blue Jays in the 16th round of the 1986 amateur draft.,Seminole State College (Seminole OK),Webster HS (Tulsa OK),James Randall,rogerji02
195,Joe Rosselli,22.337,Apr 30,Oct 1 1995,/1,SFG,-1.0,6-1,170,R,L,May 28 1972,Burbank CA US,Drafted by the San Francisco Giants in the 2nd round of the 1990 amateur draft. Player signed June 7 1990.,,Bishop Alemany HS (Mission Hills CA),Joseph Donald,rossejo01
196,F.P. Santangelo,27.282,Aug 2,Oct 7 2001,7H/948,MON,6.7,5-10,165,B,R,Oct 24 1967,Livonia MI US,Drafted by the Montreal Expos in the 20th round of the 1989 amateur draft. Player signed June 16 1989.,Sacramento City College (Sacramento CA) University of Miami (Coral Gables FL),Oak Ridge HS (El Dorado Hills CA),Frank-Paul,santaf.01
197,Gene Schall,25.011,Jun 16,Sep 29 1996,3/H7,PHI,-0.2,6-3,190,R,R,Jun 5 1970,Abington PA US,Drafted by the Philadelphia Phillies in the 4th round of the 1991 amateur draft. Player signed June 18 1991.,Villanova University (Villanova PA),La Salle College HS (Wyndmoor PA),Eugene David,schalge01
198,Curt Schmidt,25.043,Apr 28,Sep 29 1995,1,MON,-0.2,6-5,200,R,R,Mar 16 1970,Miles City MT US,Drafted by the Montreal Expos in the 41st round of the 1992 amateur draft. Player signed June 15 1992.,Howard College (Big Spring TX) University of Kansas (Lawrence KS),Custer County HS (Miles City MT),Curtis Allen,schmicu01
199,Jason Schmidt,22.089,Apr 28,Aug 5 2009,/1H,ATL,29.5,6-5,185,R,R,Jan 29 1973,Lewiston ID US,Drafted by the Atlanta Braves in the 8th round of the 1991 amateur draft. Player signed June 14 1991.,,Kelso HS (Kelso WA),Jason David,schmija01
200,Kevin Sefcik,24.210,Sep 8,Jun 1 2001,/H5,PHI,1.5,5-11,175,R,R,Feb 10 1971,Tinley Park IL US,Drafted by the Philadelphia Phillies in the 33rd round of the 1993 amateur draft. Player signed June 7 1993.,St. Xavier University (Orland Park IL),Victor J. Andrew HS (Tinley Park IL),Kevin John,sefcike01
201,Bill Simas,23.260,Aug 15,Sep 30 2000,1,CHW,5.2,6-3,200,L,R,Nov 28 1971,Hanford CA US,Drafted by the California Angels in the 6th round of the 1992 amateur draft. Player signed June 22 1992.,Fresno City College (Fresno CA),St. Joseph HS (Santa Maria CA),William Anthony,simasbi01
202,Mike Sirotka,24.067,Jul 19,Sep 28 2000,/1,CHW,9.9,6-1,190,L,L,May 13 1971,Houston TX US,Drafted by the Chicago White Sox in the 15th round of the 1993 amateur draft. Player signed June 16 1993.,Louisiana State University (Baton Rouge LA),Westfield HS (Houston TX),Michael Robert,sirotmi01
203,Chris Snopek,24.314,Jul 31,Sep 27 1998,5/6H,CHW,0.0,6-1,180,R,R,Sep 20 1970,Cynthiana KY US,Drafted by the Chicago White Sox in the 6th round of the 1992 amateur draft. Player signed June 5 1992.,University of Mississippi (Oxford MS),Harrison County HS (Cynthiana KY),Christopher Charles,snopech01
204,Clint Sodowsky,23.053,Sep 4,May 22 1999,/1,DET,-1.6,6-3,180,L,R,Jul 13 1972,Ponca City OK US,Drafted by the Detroit Tigers in the 9th round of the 1991 amateur draft. Player signed June 5 1991.,Connors State College (Warner OK),Ponca City HS (Ponca City OK),Clint Rea,sodowcl01
205,Steve Sparks,30.300,Apr 28,Sep 26 2004,1,MIL,10.2,6-0,187,R,R,Jul 2 1964,Tulsa OK US,Drafted by the Milwaukee Brewers in the 5th round of the 1987 amateur draft. Player signed June 3 1987.,Sam Houston State University (Huntsville TX),Holland Hall HS (Tulsa OK),Steven William,sparkst01
206,Dennis Springer,30.213,Sep 13,May 26 2002,/1,PHI,0.6,5-10,185,R,R,Feb 12 1965,Fresno CA US,Drafted by the Los Angeles Dodgers in the 21st round of the 1987 amateur draft. Player signed June 4 1987.,Reedley College (Reedley CA) California State University Fresno (Fresno CA),Washington Union HS (Fresno CA),Dennis LeRoy,sprinde01
207,Todd Steverson,23.164,Apr 28,Apr 3 1996,79/H8D,DET,-0.3,6-2,194,R,R,Nov 15 1971,Los Angeles CA US,Drafted by the Toronto Blue Jays in the 1st round (25th pick) of the 1992 amateur draft. Player signed June 14 1992.,Arizona State University (Tempe AZ),Culver City HS (Culver City CA),Todd Anthony,steveto01
208,Shannon Stewart,21.189,Sep 2,Jun 7 2008,8/H,TOR,24.9,6-0,175,R,R,Feb 25 1974,Cincinnati OH US,Drafted by the Toronto Blue Jays in the 1st round (19th pick) of the 1992 amateur draft. Player signed June 3 1992.,,Miami Southridge HS (Miami FL),Shannon Harold,stewash01
209,Tanyon Sturtze,24.203,May 3,Aug 25 2008,/1,CHC,4.6,6-5,190,R,R,Oct 12 1970,Worcester MA US,Drafted by the Oakland Athletics in the 23rd round of the 1990 amateur draft. Player signed June 6 1990.,Quinsigamond Community College (Worcester MA),St. Peter-Marian HS (Worcester MA),Tanyon James,sturtta01
210,Chris Stynes,22.120,May 19,Jul 30 2004,4H/D,KCR,8.2,5-9,175,R,R,Jan 19 1973,Queens NY US,Drafted by the Toronto Blue Jays in the 3rd round of the 1991 amateur draft. Player signed June 4 1991.,,Boca Raton Community HS (Boca Raton FL),Christopher Desmond,stynech01
211,Scott Sullivan,24.054,May 6,Aug 25 2004,/1,CIN,6.4,6-3,210,R,R,Mar 13 1971,Tuscaloosa AL US,Drafted by the Cincinnati Reds in the 2nd round of the 1993 amateur draft. Player signed June 8 1993.,Auburn University (Auburn AL),Pickens Academy (Carrollton AL),William Scott,sullisc01
212,Jeff Suppan,20.196,Jul 17,May 28 2012,/1,BOS,17.1,6-2,225,R,R,Jan 2 1975,Oklahoma City OK US,Drafted by the Boston Red Sox in the 2nd round of the 1993 amateur draft. Player signed June 29 1993.,,Crespi Carmelite HS (Encino CA),Jeffrey Scot,suppaje01
213,Dave Swartzbaugh,27.204,Sep 3,Apr 22 1997,/1,CHC,-0.6,6-2,195,R,R,Feb 11 1968,Middletown OH US,Drafted by the Chicago Cubs in the 9th round of the 1989 amateur draft. Player signed June 10 1989.,Miami University of Ohio (Oxford OH),Middletown HS (Middletown OH),David Theodore,swartda01
214,Mark Sweeney,25.282,Aug 4,Sep 26 2008,3H/7,STL,1.7,6-1,195,L,L,Oct 26 1969,Framingham MA US,Drafted by the California Angels in the 9th round of the 1991 amateur draft. Player signed June 5 1991.,University of Maine (Orono ME),Holliston HS (Holliston MA),Mark Patrick,sweenma01
215,Mike Sweeney,22.044,Sep 4,Oct 3 2010,/2H,KCR,24.8,6-1,195,R,R,Jul 22 1973,Orange CA US,Drafted by the Kansas City Royals in the 10th round of the 1991 amateur draft. Player signed July 22 1991.,,Ontario HS (Ontario CA),Michael John,sweenmi01
216,Scott Taylor,28.298,Jul 28,Aug 7 1995,/1,TEX,-0.4,6-3,200,R,R,Oct 3 1966,Topeka KS US,Drafted by the Seattle Mariners in the 15th round of the 1988 amateur draft. Player signed August 10 1988.,University of Kansas (Lawrence KS),Arkansas City HS (Arkansas City KS),Scott Michael,taylosc02
217,J.J. Thobe,24.303,Sep 18,Sep 29 1995,/1,MON,-0.1,6-6,200,R,R,Nov 19 1970,Covington KY US,Drafted by the Cleveland Indians in the 7th round of the 1992 amateur draft. Player signed August 5 1992.,Rancho Santiago College (Santa Ana CA) Santa Ana College (Santa Ana CA),Edison HS (Huntington Beach CA),John Joseph,thobej.01
218,Tom Thobe,26.009,Sep 12,Apr 25 1996,/1,ATL,0.0,6-6,195,L,L,Sep 3 1969,Covington KY US,Drafted by the Chicago Cubs in the 38th round of the 1987 amateur draft. Player signed May 22 1988.,,Edison HS (Huntington Beach CA),Thomas Neal,thobeto01
219,Larry Thomas,25.290,Aug 11,May 25 1997,1,CHW,1.5,6-1,195,R,L,Oct 25 1969,Miami FL US,Drafted by the Chicago White Sox in the 2nd round of the 1991 amateur draft. Player signed June 20 1991.,University of Maine (Orono ME),Winthrop HS (Winthrop MA),Larry Wayne,thomala01
220,Mike Thomas,25.313,Jul 12,Jul 12 1995,/1,MIL,0.1,6-2,205,L,L,Sep 2 1969,Sacramento CA US,Drafted by the New York Mets in the 23rd round of the 1989 amateur draft.,Labette Community College (Parsons KS),,Michael Steven,thomami01
221,Ozzie Timmons,24.220,Apr 26,Oct 1 2000,7H/9,CHC,0.1,6-2,205,R,R,Sep 18 1970,Tampa FL US,Drafted by the Chicago Cubs in the 5th round of the 1991 amateur draft. Player signed June 7 1991.,University of Tampa (Tampa FL),Brandon HS (Brandon FL),Osborne Llewellyn,timmooz01
222,Dilson Torres,24.333,Apr 29,Sep 27 1995,1,KCR,-0.2,6-3,200,R,R,May 31 1970,Maracay Aragua VE,Signed by the Toronto Blue Jays as an amateur free agent in 1990.,,Aragua (Aragua Venezuela),Dilson Dario,torredi01
223,Chris Tremie,25.257,Jul 1,Sep 21 2004,/2DH,CHW,-0.4,6-0,200,R,R,Oct 17 1969,Houston TX US,Drafted by the Chicago White Sox in the 39th round of the 1992 amateur draft. Player signed June 4 1992.,University of Houston (Houston TX),South Houston HS (South Houston TX),Christopher James,tremich01
224,Michael Tucker,23.305,Apr 26,Oct 1 2006,7DH/98,KCR,8.1,6-2,185,L,R,Jun 25 1971,South Boston VA US,Drafted by the Kansas City Royals in the 1st round (10th pick) of the 1992 amateur draft. Player signed June 6 1992.,Longwood University (Farmville VA),Bluestone HS (Skipwith VA),Michael Anthony,tuckemi01
225,Tim Unroe,24.235,May 30,Sep 30 2000,/3H,MIL,0.4,6-3,200,R,R,Oct 7 1970,Round Lake Beach IL US,Drafted by the Milwaukee Brewers in the 28th round of the 1992 amateur draft. Player signed June 3 1992.,Lewis University (Romeoville IL),Round Lake HS (Round Lake IL),Timothy Brian,unroeti01
226,Ugueth Urbina,21.083,May 9,Oct 2 2005,/1,MON,13.2,6-2,185,R,R,Feb 15 1974,Caracas Distrito Federal VE,Signed by the Montreal Expos as an amateur free agent in 1990.,,Liceo Peres Bonalde de Miranda (Caracas Venezuela),Ugueth Urtain,urbinug01
227,Marc Valdes,23.251,Aug 28,Jun 22 2001,/1,FLA,-1.1,6-0,170,R,R,Dec 20 1971,Dayton OH US,Drafted by the Florida Marlins in the 1st round (27th pick) of the 1993 amateur draft. Player signed August 5 1993.,University of Florida (Gainesville FL),Jesuit HS (Tampa FL),Marc Christopher,valdema01
228,Carlos Valdez,23.204,Jul 18,Sep 27 1998,1,SFG,0.0,5-11,165,R,R,Dec 26 1971,Bani Peravia DO,Signed by the San Francisco Giants as an amateur free agent in 1990.,,Nizao (Nizao Dominican Republic),Carlos Luis,valdeca01
229,Quilvio Veras,24.022,Apr 25,Jul 13 2001,*4/H89,FLA,12.9,5-9,166,B,R,Apr 3 1971,Santo Domingo Distrito Nacional DO,Signed by the New York Mets as an amateur free agent in 1989.,,Santo Domingo (Santo Domingo Dominican Republic),Quilvio Alberto,verasqu01
230,Ron Villone,25.102,Apr 28,Oct 4 2009,1,SEA,3.6,6-3,245,L,L,Jan 16 1970,Englewood NJ US,Drafted by the Seattle Mariners in the 1st round (14th pick) of the 1992 amateur draft. Player signed October 1 1992.,University of Massachusetts Amherst (Amherst MA),South HS (Bergenfield NJ),Ronald Thomas,villoro01
231,Joe Vitiello,25.018,Apr 29,Sep 28 2003,DH/3,KCR,-0.6,6-2,215,R,R,Apr 11 1970,Cambridge MA US,Drafted by the Kansas City Royals in the 1st round (7th pick) of the 1991 amateur draft. Player signed July 5 1991.,University of Alabama (Tuscaloosa AL),Stoneham HS (Stoneham MA),Joseph David,vitiejo01
232,Terrell Wade,22.230,Sep 12,Sep 26 1998,/1,ATL,0.9,6-3,205,L,L,Jan 25 1973,Rembert SC US,Signed by the Atlanta Braves as an amateur free agent in 1991.,,Rembert HS (Rembert SC),Hawatha Terrell,wadete01
233,Billy Wagner,24.050,Sep 13,Oct 3 2010,/1,HOU,27.7,5-10,180,L,L,Jul 25 1971,Marion VA US,Drafted by the Houston Astros in the 1st round (12th pick) of the 1993 amateur draft. Player signed June 22 1993.,Ferrum College (Ferrum VA),Tazewell HS (Tazewell VA),William Edward,wagnebi02
234,Pete Walker,26.060,Jun 7,Jul 7 2006,1,NYM,3.6,6-2,195,R,R,Apr 8 1969,Beverly MA US,Drafted by the New York Mets in the 7th round of the 1990 amateur draft. Player signed June 6 1990.,University of Connecticut at Avery Point (Groton CT) University of Connecticut (Storrs CT),East Lyme HS (East Lyme CT),Peter Brian,walkepe01
235,Donne Wall,28.053,Sep 2,Jun 11 2002,/1,HOU,3.3,6-1,180,R,R,Jul 11 1967,Potosi MO US,Drafted by the Houston Astros in the 18th round of the 1989 amateur draft. Player signed June 8 1989.,Jefferson College (Hillsboro MO) St. Louis Community College Meramec Campus (Kirkwood MO) University of Louisiana at Lafayette (Lafayette LA),Festus HS (Festus MO),Donnell Lee,walldo01
236,Jeff Ware,24.295,Sep 2,Jul 7 1996,/1,TOR,-0.7,6-3,190,R,R,Nov 11 1970,Norfolk VA US,Drafted by the Toronto Blue Jays in the 1st round (35th pick) of the 1991 amateur draft. Player signed August 25 1991.,Old Dominion University (Norfolk VA),First Colonial HS (Virginia Beach VA),Jeffrey Allan,wareje01
237,John Wasdin,23.019,Aug 24,Jul 7 2007,/1,OAK,3.4,6-2,190,R,R,Aug 5 1972,Fort Belvoir VA US,Drafted by the Oakland Athletics in the 1st round (25th pick) of the 1993 amateur draft. Player signed June 15 1993.,Florida State University (Tallahassee FL),Amos P. Godby HS (Tallahassee FL),John Truman,wasdijo01
238,Scott Watkins,25.078,Aug 1,Sep 30 1995,1,MIN,-0.1,6-3,180,L,L,May 15 1970,Tulsa OK US,Drafted by the Minnesota Twins in the 23rd round of the 1992 amateur draft. Player signed June 5 1992.,Seminole State College (Seminole OK) Oklahoma State University (Stillwater OK),Charles Page HS (Sand Springs OK),Scott Allen,watkisc01
239,Don Wengert,25.175,Apr 30,May 26 2001,1,OAK,-0.2,6-2,205,R,R,Nov 6 1969,Sioux City IA US,Drafted by the Oakland Athletics in the 4th round of the 1992 amateur draft. Player signed June 17 1992.,Iowa State University (Ames IA),Bishop Heelan HS (Sioux City IA),Donald Paul,wengedo01
240,Sean Whiteside,24.010,Apr 29,May 3 1995,/1,DET,-0.1,6-4,190,L,L,Apr 19 1971,Lakeland FL US,Drafted by the Detroit Tigers in the 11th round of the 1992 amateur draft. Player signed June 2 1992.,University of North Carolina at Charlotte (Charlotte NC),West Davidson HS (Lexington NC),David Sean,whitese01
241,Chris Widger,24.033,Jun 23,Sep 15 2006,2/H7D9,SEA,-0.4,6-3,195,R,R,May 21 1971,Wilmington DE US,Drafted by the Seattle Mariners in the 3rd round of the 1992 amateur draft. Player signed June 3 1992.,George Mason University (Fairfax VA),Pennsville Memorial HS (Pennsville NJ),Christopher Jon,widgech01
242,George Williams,26.083,Jul 14,Sep 13 2000,2D/H,OAK,1.5,5-10,190,B,R,Apr 22 1969,La Crosse WI US,Drafted by the Oakland Athletics in the 24th round of the 1991 amateur draft. Player signed June 10 1991.,Des Moines Area Community College (Boone IA) MiraCosta College (Oceanside CA) University of Texas Pan American (Edinburg TX),,George Erik,willige03
243,Todd Williams,24.075,Apr 29,Jun 15 2007,1,LAD,1.1,6-3,185,R,R,Feb 13 1971,Syracuse NY US,Drafted by the Los Angeles Dodgers in the 54th round of the 1990 amateur draft. Player signed May 21 1991.,Onondaga Community College (Syracuse NY),East Syracuse Minoa Central HS (East Syracuse NY),Todd Michael,willito02
244,Gary Wilson,25.117,Apr 28,Jun 14 1995,1,PIT,0.1,6-3,190,R,R,Jan 1 1970,Arcata CA US,Drafted by the Pittsburgh Pirates in the 18th round of the 1992 amateur draft. Player signed June 5 1992.,California State University Sacramento (Sacramento CA),Arcata HS (Arcata CA),Gary Morris,wilsoga03
245,Steve Wojciechowski,24.354,Jul 18,Jul 18 1997,1,OAK,0.6,6-2,185,L,L,Jul 29 1970,Blue Island IL US,Drafted by the Oakland Athletics in the 4th round of the 1991 amateur draft. Player signed June 7 1991.,St. Xavier University (Orland Park IL),,Steven Joseph,wojcist01
246,Bob Wolcott,21.344,Aug 18,Jul 1 1999,/1,SEA,-0.9,6-0,190,R,R,Sep 8 1973,Huntington Beach CA US,Drafted by the Seattle Mariners in the 2nd round of the 1992 amateur draft. Player signed June 7 1992.,,Medford HS (Medford OR) North Medford HS (Medford OR),Robert William,wolcobo01
247,Gregg Zaun,24.071,Jun 24,May 20 2010,2/HD,BAL,13.7,5-10,170,B,R,Apr 14 1971,Glendale CA US,Drafted by the Baltimore Orioles in the 17th round of the 1989 amateur draft. Player signed August 25 1989.,,St. Francis HS (La Canada CA),Gregory Owen,zaungr01