Year,Name,,Voted By,Inducted As,Votes,% of Ballots,Name-additional
2026,Jeff Kent,1968-Living,Veterans,Player,,,kentje01
2025,Dick Allen,1942-2020,Classic Baseball Era,Player,,,allendi01
2025,Dave Parker,1951-2025,Classic Baseball Era,Player,,,parkeda01
2025,CC Sabathia,1980-Living,BBWAA,Player,342.0,86.8%,sabatc.01
2025,Ichiro Suzuki,1973-Living,BBWAA,Player,393.0,99.7%,suzukic01
2025,Billy Wagner,1971-Living,BBWAA,Player,325.0,82.5%,wagnebi02
2024,Adrian Beltré,1979-Living,BBWAA,Player,366.0,95.1%,beltrad01
2024,Todd Helton,1973-Living,BBWAA,Player,307.0,79.7%,heltoto01
2024,Jim Leyland,1944-Living,Contemporary Baseball Era Non-Players,Manager,,,leylaji99
2024,Joe Mauer,1983-Living,BBWAA,Player,293.0,76.1%,mauerjo01
2023,Fred McGriff,1963-Living,Contemporary Baseball Era,Player,16.0,100.0%,mcgrifr01
2023,Scott Rolen,1975-Living,BBWAA,Player,297.0,76.3%,rolensc01
2022,Bud Fowler,1858-1913,Early Baseball Era,Pioneer/Executive,,,fowlebu99
2022,Gil Hodges,1924-1972,Golden Days Era,Player,12.0,75.0%,hodgegi01
2022,Jim Kaat,1938-Living,Golden Days Era,Player,12.0,75.0%,kaatji01
2022,Minnie Miñoso,1923-2015,Golden Days Era,Player,14.0,87.5%,minosmi01
2022,Buck O'Neil,1911-2006,Early Baseball Era,Pioneer/Executive,13.0,81.3%,oneilbu01
2022,Tony Oliva,1938-Living,Golden Days Era,Player,12.0,75.0%,olivato01
2022,David Ortiz,1975-Living,BBWAA,Player,307.0,77.9%,ortizda01
2020,Derek Jeter,1974-Living,BBWAA,Player,396.0,99.7%,jeterde01
2020,Marvin Miller,1917-2012,Modern Baseball Era,Pioneer/Executive,13.0,81.3%,millema99
2020,Ted Simmons,1949-Living,Modern Baseball Era,Player,13.0,81.3%,simmote01
2020,Larry Walker,1966-Living,BBWAA,Player,304.0,76.6%,walkela01
2019,Harold Baines,1959-Living,Today’s Game Era,Player,12.0,75.0%,baineha01
2019,Roy Halladay,1977-2017,BBWAA,Player,363.0,85.4%,hallaro01
2019,Edgar Martínez,1963-Living,BBWAA,Player,363.0,85.4%,martied01
2019,Mike Mussina,1968-Living,BBWAA,Player,326.0,76.7%,mussimi01
2019,Mariano Rivera,1969-Living,BBWAA,Player,425.0,100.0%,riverma01
2019,Lee Smith,1957-Living,Today’s Game Era,Player,16.0,100.0%,smithle02
2018,Vladimir Guerrero,1975-Living,BBWAA,Player,392.0,92.9%,guerrvl01
2018,Trevor Hoffman,1967-Living,BBWAA,Player,337.0,79.9%,hoffmtr01
2018,Chipper Jones,1972-Living,BBWAA,Player,410.0,97.2%,jonesch06
2018,Jack Morris,1955-Living,Modern Baseball Era,Player,14.0,87.5%,morrija02
2018,Jim Thome,1970-Living,BBWAA,Player,379.0,89.8%,thomeji01
2018,Alan Trammell,1958-Living,Modern Baseball Era,Player,13.0,81.3%,trammal01
2017,Jeff Bagwell,1968-Living,BBWAA,Player,381.0,86.2%,bagweje01
2017,Tim Raines,1959-Living,BBWAA,Player,380.0,86.0%,raineti01
2017,Iván Rodríguez,1971-Living,BBWAA,Player,336.0,76.0%,rodriiv01
2017,John Schuerholz,1940-Living,Today’s Game Era,Pioneer/Executive,16.0,100.0%,schurjo99
2017,Bud Selig,1934-Living,Today's Game Era,Pioneer/Executive,,,seligbu99
2016,Ken Griffey Jr.,1969-Living,BBWAA,Player,437.0,99.3%,griffke02
2016,Mike Piazza,1968-Living,BBWAA,Player,365.0,83.0%,piazzmi01
2015,Craig Biggio,1965-Living,BBWAA,Player,454.0,82.7%,biggicr01
2015,Randy Johnson,1963-Living,BBWAA,Player,534.0,97.3%,johnsra05
2015,Pedro Martínez,1971-Living,BBWAA,Player,500.0,91.1%,martipe02
2015,John Smoltz,1967-Living,BBWAA,Player,455.0,82.9%,smoltjo01
2014,Bobby Cox,1941-Living,Expansion Era,Manager,16.0,100.0%,coxbo01
2014,Tom Glavine,1966-Living,BBWAA,Player,525.0,91.9%,glavito02
2014,Tony La Russa,1944-Living,Expansion Era,Manager,16.0,100.0%,larusto01
2014,Greg Maddux,1966-Living,BBWAA,Player,555.0,97.2%,maddugr01
2014,Frank Thomas,1968-Living,BBWAA,Player,478.0,83.7%,thomafr04
2014,Joe Torre,1940-Living,Expansion Era,Manager,16.0,100.0%,torrejo01
2013,Hank O'Day,1859-1935,Pre-Integration Era,Umpire,15.0,93.8%,o'dayha01
2013,Jacob Ruppert,1867-1939,Pre-Integration Era,Pioneer/Executive,15.0,93.8%,ruppeja99
2013,Deacon White,1847-1939,Pre-Integration Era,Player,14.0,87.5%,whitede01
2012,Barry Larkin,1964-Living,BBWAA,Player,495.0,86.4%,larkiba01
2012,Ron Santo,1940-2010,Veterans,Player,15.0,93.8%,santoro01
2011,Roberto Alomar,1968-Living,BBWAA,Player,523.0,90.0%,alomaro01
2011,Bert Blyleven,1951-Living,BBWAA,Player,463.0,79.7%,blylebe01
2011,Pat Gillick,1937-Living,Expansion Era,Pioneer/Executive,,,gillipa99
2010,Andre Dawson,1954-Living,BBWAA,Player,420.0,77.9%,dawsoan01
2010,Doug Harvey,1930-2018,Veterans,Umpire,15.0,93.8%,harvedo99
2010,Whitey Herzog,1931-2024,Veterans,Manager,14.0,87.5%,herzowh01
2009,Joe Gordon,1915-1978,Veterans,Player,10.0,83.3%,gordojo01
2009,Rickey Henderson,1958-2024,BBWAA,Player,511.0,94.8%,henderi01
2009,Jim Rice,1953-Living,BBWAA,Player,412.0,76.4%,riceji01
2008,Barney Dreyfuss,1865-1932,Veterans,Pioneer/Executive,10.0,83.3%,dreyfba99
2008,Rich Gossage,1951-Living,BBWAA,Player,466.0,85.8%,gossari01
2008,Bowie Kuhn,1926-2007,Veterans,Pioneer/Executive,,,kuhnbo99
2008,Walter O'Malley,1903-1979,Veterans,Pioneer/Executive,9.0,75.0%,o'malwa99
2008,Billy Southworth,1893-1969,Veterans,Manager,13.0,81.3%,southbi01
2008,Dick Williams,1929-2011,Veterans,Manager,13.0,81.3%,willidi02
2007,Tony Gwynn,1960-2014,BBWAA,Player,532.0,97.6%,gwynnto01
2007,Cal Ripken Jr.,1960-Living,BBWAA,Player,537.0,98.5%,ripkeca01
2006,Ray Brown,1908-1965,Negro League,Player,,,brownra99
2006,Willard Brown,1915-1996,Negro League,Player,,,brownwi02
2006,Andy Cooper,1897-1941,Negro League,Player,,,coopean99
2006,Frank Grant,1865-1937,Negro League,Pioneer/Executive,,,grantfr99
2006,Pete Hill,1882-1951,Negro League,Player,,,hillpe99
2006,Biz Mackey,1897-1965,Negro League,Player,,,mackebi99
2006,Effa Manley,1897-1981,Negro League,Pioneer/Executive,,,manleef99
2006,José Méndez,1885-1928,Negro League,Player,,,mendejo99
2006,Alex Pompez,1890-1974,Negro League,Pioneer/Executive,,,pompeal99
2006,Cum Posey,1890-1946,Negro League,Pioneer/Executive,,,poseycu99
2006,Louis Santop,1889-1942,Negro League,Player,,,santolo99
2006,Bruce Sutter,1953-2022,BBWAA,Player,400.0,76.9%,suttebr01
2006,Mule Suttles,1901-1966,Negro League,Player,,,suttlmu99
2006,Ben Taylor,1888-1953,Negro League,Player,,,taylobe99
2006,Cristóbal Torriente,1893-1938,Negro League,Player,,,torricr99
2006,Sol White,1868-1955,Negro League,Pioneer/Executive,,,whiteso99
2006,J.L. Wilkinson,1878-1964,Negro League,Pioneer/Executive,,,wilkijl99
2006,Jud Wilson,1894-1963,Negro League,Player,,,wilsoju99
2005,Wade Boggs,1958-Living,BBWAA,Player,474.0,91.9%,boggswa01
2005,Ryne Sandberg,1959-2025,BBWAA,Player,393.0,76.2%,sandbry01
2004,Dennis Eckersley,1954-Living,BBWAA,Player,421.0,83.2%,eckerde01
2004,Paul Molitor,1956-Living,BBWAA,Player,431.0,85.2%,molitpa01
2003,Gary Carter,1954-2012,BBWAA,Player,387.0,78.0%,cartega01
2003,Eddie Murray,1956-Living,BBWAA,Player,423.0,85.3%,murraed02
2002,Ozzie Smith,1954-Living,BBWAA,Player,433.0,91.7%,smithoz01
2001,Bill Mazeroski,1936-Living,Veterans,Player,,,mazerbi01
2001,Kirby Puckett,1960-2006,BBWAA,Player,423.0,82.1%,puckeki01
2001,Hilton Smith,1907-1983,Veterans,Player,,,smithhi99
2001,Dave Winfield,1951-Living,BBWAA,Player,435.0,84.5%,winfida01
2000,Sparky Anderson,1934-2010,Veterans,Manager,,,andersp01
2000,Carlton Fisk,1947-Living,BBWAA,Player,397.0,79.6%,fiskca01
2000,Bid McPhee,1859-1943,Veterans,Player,,,mcphebi01
2000,Tony Pérez,1942-Living,BBWAA,Player,385.0,77.2%,perezto01
2000,Turkey Stearnes,1901-1979,Veterans,Player,,,steartu99
1999,George Brett,1953-Living,BBWAA,Player,488.0,98.2%,brettge01
1999,Orlando Cepeda,1937-2024,Veterans,Player,,,cepedor01
1999,Nestor Chylak,1922-1982,Veterans,Umpire,,,chylane99
1999,Nolan Ryan,1947-Living,BBWAA,Player,491.0,98.8%,ryanno01
1999,Frank Selee,1859-1909,Veterans,Manager,,,seleefr99
1999,Joe Williams,1886-1951,Veterans,Player,,,willijo99
1999,Robin Yount,1955-Living,BBWAA,Player,385.0,77.5%,yountro01
1998,George Davis,1870-1940,Veterans,Player,,,davisge01
1998,Larry Doby,1923-2003,Veterans,Player,,,dobyla01
1998,Lee MacPhail,1917-2012,Veterans,Pioneer/Executive,,,macphle99
1998,Bullet Rogan,1893-1967,Veterans,Player,,,roganbu99
1998,Don Sutton,1945-2021,BBWAA,Player,386.0,81.6%,suttodo01
1997,Nellie Fox,1927-1975,Veterans,Player,,,foxne01
1997,Tommy Lasorda,1927-2021,Veterans,Manager,,,lasorto01
1997,Phil Niekro,1939-2020,BBWAA,Player,380.0,80.3%,niekrph01
1997,Willie Wells,1904-1989,Veterans,Player,,,wellswi99
1996,Jim Bunning,1931-2017,Veterans,Player,,,bunniji01
1996,Bill Foster,1904-1978,Veterans,Player,,,fostebi99
1996,Ned Hanlon,1857-1937,Veterans,Manager,,,hanlone01
1996,Earl Weaver,1930-2013,Veterans,Manager,,,weaveea99
1995,Richie Ashburn,1927-1997,Veterans,Player,,,ashburi01
1995,Leon Day,1916-1995,Veterans,Player,,,dayle99
1995,William Hulbert,1832-1882,Veterans,Pioneer/Executive,,,hulbewi99
1995,Mike Schmidt,1949-Living,BBWAA,Player,444.0,96.5%,schmimi01
1995,Vic Willis,1876-1947,Veterans,Player,,,willivi01
1994,Steve Carlton,1944-Living,BBWAA,Player,436.0,95.6%,carltst01
1994,Leo Durocher,1905-1991,Veterans,Manager,,,durocle01
1994,Phil Rizzuto,1917-2007,Veterans,Player,,,rizzuph01
1993,Reggie Jackson,1946-Living,BBWAA,Player,396.0,93.6%,jacksre01
1992,Rollie Fingers,1946-Living,BBWAA,Player,349.0,81.2%,fingero01
1992,Bill McGowan,1896-1954,Veterans,Umpire,,,mcgowbi99
1992,Hal Newhouser,1921-1998,Veterans,Player,,,newhoha01
1992,Tom Seaver,1944-2020,BBWAA,Player,425.0,98.8%,seaveto01
1991,Rod Carew,1945-Living,BBWAA,Player,401.0,90.5%,carewro01
1991,Fergie Jenkins,1942-Living,BBWAA,Player,334.0,75.4%,jenkife01
1991,Tony Lazzeri,1903-1946,Veterans,Player,,,lazzeto01
1991,Gaylord Perry,1938-2022,BBWAA,Player,342.0,77.2%,perryga01
1991,Bill Veeck,1914-1986,Veterans,Pioneer/Executive,,,veeckbi99
1990,Joe Morgan,1943-2020,BBWAA,Player,363.0,81.8%,morgajo02
1990,Jim Palmer,1945-Living,BBWAA,Player,411.0,92.6%,palmeji01
1989,Al Barlick,1915-1995,Veterans,Umpire,,,barlial99
1989,Johnny Bench,1947-Living,BBWAA,Player,431.0,96.4%,benchjo01
1989,Red Schoendienst,1923-2018,Veterans,Player,,,schoere01
1989,Carl Yastrzemski,1939-Living,BBWAA,Player,423.0,94.6%,yastrca01
1988,Willie Stargell,1940-2001,BBWAA,Player,352.0,82.4%,stargwi01
1987,Ray Dandridge,1913-1994,Veterans,Player,,,dandrra99
1987,Catfish Hunter,1946-1999,BBWAA,Player,315.0,76.3%,hunteca01
1987,Billy Williams,1938-Living,BBWAA,Player,354.0,85.7%,willibi01
1986,Bobby Doerr,1918-2017,Veterans,Player,,,doerrbo01
1986,Ernie Lombardi,1908-1977,Veterans,Player,,,lombaer01
1986,Willie McCovey,1938-2018,BBWAA,Player,346.0,81.4%,mccovwi01
1985,Lou Brock,1939-2020,BBWAA,Player,315.0,79.7%,brocklo01
1985,Enos Slaughter,1916-2002,Veterans,Player,,,slaugen01
1985,Arky Vaughan,1912-1952,Veterans,Player,,,vaughar01
1985,Hoyt Wilhelm,1922-2002,BBWAA,Player,331.0,83.8%,wilheho01
1984,Luis Aparicio,1934-Living,BBWAA,Player,341.0,84.6%,aparilu01
1984,Don Drysdale,1936-1993,BBWAA,Player,316.0,78.4%,drysddo01
1984,Rick Ferrell,1905-1995,Veterans,Player,,,ferreri01
1984,Harmon Killebrew,1936-2011,BBWAA,Player,335.0,83.1%,killeha01
1984,Pee Wee Reese,1918-1999,Veterans,Player,,,reesepe01
1983,Walter Alston,1911-1984,Veterans,Manager,,,alstowa01
1983,George Kell,1922-2009,Veterans,Player,,,kellge01
1983,Juan Marichal,1937-Living,BBWAA,Player,313.0,83.7%,maricju01
1983,Brooks Robinson,1937-2023,BBWAA,Player,344.0,92.0%,robinbr01
1982,Henry Aaron,1934-2021,BBWAA,Player,406.0,97.8%,aaronha01
1982,Happy Chandler,1898-1991,Veterans,Pioneer/Executive,,,chandha99
1982,Travis Jackson,1903-1987,Veterans,Player,,,jackstr01
1982,Frank Robinson,1935-2019,BBWAA,Player,370.0,89.2%,robinfr02
1981,Rube Foster,1879-1930,Veterans,Pioneer/Executive,,,fosteru99
1981,Bob Gibson,1935-2020,BBWAA,Player,337.0,84.0%,gibsobo01
1981,Johnny Mize,1913-1993,Veterans,Player,,,mizejo01
1980,Al Kaline,1934-2020,BBWAA,Player,340.0,88.3%,kalinal01
1980,Chuck Klein,1904-1958,Veterans,Player,,,kleinch01
1980,Duke Snider,1926-2011,BBWAA,Player,333.0,86.5%,snidedu01
1980,Tom Yawkey,1903-1976,Veterans,Pioneer/Executive,,,yawketo99
1979,Warren Giles,1896-1979,Veterans,Pioneer/Executive,,,gileswa99
1979,Willie Mays,1931-2024,BBWAA,Player,409.0,94.7%,mayswi01
1979,Hack Wilson,1900-1948,Veterans,Player,,,wilsoha01
1978,Addie Joss,1880-1911,Veterans,Player,,,jossad01
1978,Larry MacPhail,1890-1975,Veterans,Pioneer/Executive,,,macphla99
1978,Eddie Mathews,1931-2001,BBWAA,Player,301.0,79.4%,matheed01
1977,Ernie Banks,1931-2015,BBWAA,Player,321.0,83.8%,bankser01
1977,Martín Dihigo,1905-1971,Negro League,Player,,,dihigma99
1977,John Henry Lloyd,1884-1964,Negro League,Player,,,lloydjo99
1977,Al Lopez,1908-2005,Veterans,Manager,,,lopezal01
1977,Amos Rusie,1871-1942,Veterans,Player,,,rusieam01
1977,Joe Sewell,1898-1990,Veterans,Player,,,seweljo01
1976,Oscar Charleston,1896-1954,Negro League,Player,,,charlos99
1976,Roger Connor,1857-1931,Veterans,Player,,,connoro01
1976,Cal Hubbard,1900-1977,Veterans,Umpire,,,hubbaca99
1976,Bob Lemon,1920-2000,BBWAA,Player,305.0,78.6%,lemonbo01
1976,Freddie Lindstrom,1905-1981,Veterans,Player,,,lindsfr01
1976,Robin Roberts,1926-2010,BBWAA,Player,337.0,86.9%,roberro01
1975,Earl Averill,1902-1983,Veterans,Player,,,averiea01
1975,Bucky Harris,1896-1977,Veterans,Manager,,,harribu01
1975,Billy Herman,1909-1992,Veterans,Player,,,hermabi01
1975,Judy Johnson,1899-1989,Negro League,Player,,,johnsju99
1975,Ralph Kiner,1922-2014,BBWAA,Player,273.0,75.4%,kinerra01
1974,Cool Papa Bell,1903-1991,Negro League,Player,,,bellco99
1974,Jim Bottomley,1900-1959,Veterans,Player,,,bottoji01
1974,Jocko Conlan,1899-1989,Veterans,Umpire,,,conlajo01
1974,Whitey Ford,1928-2020,BBWAA,Player,284.0,77.8%,fordwh01
1974,Mickey Mantle,1931-1995,BBWAA,Player,322.0,88.2%,mantlmi01
1974,Sam Thompson,1860-1922,Veterans,Player,,,thompsa01
1973,Roberto Clemente,1934-1972,Special Election,Player,,,clemero01
1973,Billy Evans,1884-1956,Veterans,Umpire,,,evansbi99
1973,Monte Irvin,1919-2016,Negro League,Player,,,irvinmo01
1973,George Kelly,1895-1984,Veterans,Player,,,kellyge01
1973,Warren Spahn,1921-2003,BBWAA,Player,316.0,83.2%,spahnwa01
1973,Mickey Welch,1859-1941,Veterans,Player,,,welchmi01
1972,Yogi Berra,1925-2015,BBWAA,Player,339.0,85.6%,berrayo01
1972,Josh Gibson,1911-1947,Negro League,Player,,,gibsojo99
1972,Lefty Gomez,1908-1989,Veterans,Player,,,gomezle01
1972,Will Harridge,1881-1971,Veterans,Pioneer/Executive,,,harriwi99
1972,Sandy Koufax,1935-Living,BBWAA,Player,344.0,86.9%,koufasa01
1972,Buck Leonard,1907-1997,Negro League,Player,,,leonabu99
1972,Early Wynn,1920-1999,BBWAA,Player,301.0,76.0%,wynnea01
1972,Ross Youngs,1897-1927,Veterans,Player,,,youngro01
1971,Dave Bancroft,1891-1972,Veterans,Player,,,bancrda01
1971,Jake Beckley,1867-1918,Veterans,Player,,,becklja01
1971,Chick Hafey,1903-1973,Veterans,Player,,,hafeych01
1971,Harry Hooper,1887-1974,Veterans,Player,,,hoopeha01
1971,Joe Kelley,1871-1943,Veterans,Player,,,kellejo01
1971,Rube Marquard,1886-1980,Veterans,Player,,,marquru01
1971,Satchel Paige,1906-1982,Negro League,Player,,,paigesa01
1971,George Weiss,1894-1972,Veterans,Pioneer/Executive,,,weissge99
1970,Lou Boudreau,1917-2001,BBWAA,Player,232.0,77.3%,boudrlo01
1970,Earle Combs,1899-1976,Veterans,Player,,,combsea01
1970,Ford Frick,1894-1978,Veterans,Pioneer/Executive,,,frickfo99
1970,Jesse Haines,1893-1978,Veterans,Player,,,haineje01
1969,Roy Campanella,1921-1993,BBWAA,Player,270.0,79.4%,camparo01
1969,Stan Coveleski,1889-1984,Veterans,Player,,,covelst01
1969,Waite Hoyt,1899-1984,Veterans,Player,,,hoytwa01
1969,Stan Musial,1920-2013,BBWAA,Player,317.0,93.2%,musiast01
1968,Kiki Cuyler,1898-1950,Veterans,Player,,,cuyleki01
1968,Goose Goslin,1900-1971,Veterans,Player,,,gosligo01
1968,Joe Medwick,1911-1975,BBWAA,Player,240.0,84.8%,medwijo01
1967,Branch Rickey,1881-1965,Veterans,Pioneer/Executive,,,rickebr01
1967,Red Ruffing,1905-1986,Run Off,Player,266.0,86.9%,ruffire01
1967,Lloyd Waner,1906-1982,Veterans,Player,,,wanerll01
1966,Casey Stengel,1890-1975,Veterans,Manager,,,stengca01
1966,Ted Williams,1918-2002,BBWAA,Player,282.0,93.4%,willite01
1965,Pud Galvin,1856-1902,Veterans,Player,,,galvipu01
1964,Luke Appling,1907-1991,Run Off,Player,189.0,94.0%,applilu01
1964,Red Faber,1888-1976,Veterans,Player,,,faberre01
1964,Burleigh Grimes,1893-1985,Veterans,Player,,,grimebu01
1964,Miller Huggins,1878-1929,Veterans,Manager,,,huggimi01
1964,Tim Keefe,1857-1933,Veterans,Player,,,keefeti01
1964,Heinie Manush,1901-1971,Veterans,Player,,,manushe01
1964,John Ward,1860-1925,Veterans,Player,,,wardjo01
1963,John Clarkson,1861-1909,Veterans,Player,,,clarkjo01
1963,Elmer Flick,1876-1971,Veterans,Player,,,flickel01
1963,Sam Rice,1890-1974,Veterans,Player,,,ricesa01
1963,Eppa Rixey,1891-1963,Veterans,Player,,,rixeyep01
1962,Bob Feller,1918-2010,BBWAA,Player,150.0,93.8%,fellebo01
1962,Bill McKechnie,1886-1965,Veterans,Manager,,,mckecbi01
1962,Jackie Robinson,1919-1972,BBWAA,Player,124.0,77.5%,robinja02
1962,Edd Roush,1893-1988,Veterans,Player,,,roushed01
1961,Max Carey,1890-1976,Veterans,Player,,,careyma01
1961,Billy Hamilton,1866-1940,Veterans,Player,,,hamilbi01
1959,Zack Wheat,1888-1972,Veterans,Player,,,wheatza01
1957,Sam Crawford,1880-1968,Veterans,Player,,,crawfsa01
1957,Joe McCarthy,1887-1978,Veterans,Manager,,,mccarjo99
1956,Joe Cronin,1906-1984,BBWAA,Player,152.0,78.8%,cronijo01
1956,Hank Greenberg,1911-1986,BBWAA,Player,164.0,85.0%,greenha01
1955,Home Run Baker,1886-1963,Veterans,Player,,,bakerfr01
1955,Joe DiMaggio,1914-1999,BBWAA,Player,223.0,88.8%,dimagjo01
1955,Gabby Hartnett,1900-1972,BBWAA,Player,195.0,77.7%,hartnga01
1955,Ted Lyons,1900-1986,BBWAA,Player,217.0,86.5%,lyonste01
1955,Ray Schalk,1892-1970,Veterans,Player,,,schalra01
1955,Dazzy Vance,1891-1961,BBWAA,Player,205.0,81.7%,vanceda01
1954,Bill Dickey,1907-1993,BBWAA,Player,202.0,80.2%,dickebi01
1954,Rabbit Maranville,1891-1954,BBWAA,Player,209.0,82.9%,maranra01
1954,Bill Terry,1898-1989,BBWAA,Player,195.0,77.4%,terrybi01
1953,Ed Barrow,1868-1953,Veterans,Pioneer/Executive,,,barroed99
1953,Charles Bender,1884-1954,Veterans,Player,,,bendech01
1953,Tommy Connolly,1870-1961,Veterans,Umpire,,,connoto99
1953,Dizzy Dean,1910-1974,BBWAA,Player,209.0,79.2%,deandi01
1953,Bill Klem,1874-1951,Veterans,Umpire,,,klembi99
1953,Al Simmons,1902-1956,BBWAA,Player,199.0,75.4%,simmoal01
1953,Bobby Wallace,1873-1960,Veterans,Player,,,wallabo01
1953,Harry Wright,1835-1895,Veterans,Pioneer/Executive,,,wrighha01
1952,Harry Heilmann,1894-1951,BBWAA,Player,203.0,86.8%,heilmha01
1952,Paul Waner,1903-1965,BBWAA,Player,195.0,83.3%,wanerpa01
1951,Jimmie Foxx,1907-1967,BBWAA,Player,179.0,79.2%,foxxji01
1951,Mel Ott,1909-1958,BBWAA,Player,197.0,87.2%,ottme01
1949,Mordecai Brown,1876-1948,Old Timers,Player,,,brownmo01
1949,Charlie Gehringer,1903-1993,Run Off,Player,159.0,85.0%,gehrich01
1949,Kid Nichols,1869-1953,Old Timers,Player,,,nichoki01
1948,Herb Pennock,1894-1948,BBWAA,Player,94.0,77.7%,pennohe01
1948,Pie Traynor,1898-1972,BBWAA,Player,93.0,76.9%,traynpi01
1947,Mickey Cochrane,1903-1962,BBWAA,Player,128.0,79.5%,cochrmi01
1947,Frankie Frisch,1897-1973,BBWAA,Player,136.0,84.5%,friscfr01
1947,Lefty Grove,1900-1975,BBWAA,Player,123.0,76.4%,grovele01
1947,Carl Hubbell,1903-1988,BBWAA,Player,140.0,87.0%,hubbeca01
1946,Jesse Burkett,1868-1953,Old Timers,Player,,,burkeje01
1946,Frank Chance,1876-1924,Old Timers,Player,,,chancfr01
1946,Jack Chesbro,1874-1931,Old Timers,Player,,,chesbja01
1946,Johnny Evers,1881-1947,Old Timers,Player,,,eversjo01
1946,Clark Griffith,1869-1955,Old Timers,Pioneer/Executive,,,griffcl01
1946,Tommy McCarthy,1863-1922,Old Timers,Player,,,mccarto01
1946,Joe McGinnity,1871-1929,Old Timers,Player,,,mcginjo01
1946,Eddie Plank,1875-1926,Old Timers,Player,,,planked01
1946,Joe Tinker,1880-1948,Old Timers,Player,,,tinkejo01
1946,Rube Waddell,1876-1914,Old Timers,Player,,,wadderu01
1946,Ed Walsh,1881-1959,Old Timers,Player,,,walshed01
1945,Roger Bresnahan,1879-1944,Old Timers,Player,,,bresnro01
1945,Dan Brouthers,1858-1932,Old Timers,Player,,,broutda01
1945,Fred Clarke,1872-1960,Old Timers,Player,,,clarkfr01
1945,Jimmy Collins,1870-1943,Old Timers,Player,,,colliji01
1945,Ed Delahanty,1867-1903,Old Timers,Player,,,delahed01
1945,Hugh Duffy,1866-1954,Old Timers,Player,,,duffyhu01
1945,Hughie Jennings,1869-1928,Old Timers,Player,,,jennihu01
1945,King Kelly,1857-1894,Old Timers,Player,,,kellyki01
1945,Jim O'Rourke,1850-1919,Old Timers,Player,,,o'rouji01
1945,Wilbert Robinson,1864-1934,Old Timers,Manager,,,robinwi01
1944,Kenesaw Mountain Landis,1866-1944,Old Timers,Pioneer/Executive,,,landike99
1942,Rogers Hornsby,1896-1963,BBWAA,Player,182.0,78.1%,hornsro01
1939,Cap Anson,1852-1922,Old Timers,Player,,,ansonca01
1939,Eddie Collins,1887-1951,BBWAA,Player,213.0,77.7%,collied01
1939,Charlie Comiskey,1859-1931,Old Timers,Pioneer/Executive,,,comisch01
1939,Candy Cummings,1848-1924,Old Timers,Pioneer/Executive,,,cummica01
1939,Buck Ewing,1859-1906,Old Timers,Player,,,ewingbu01
1939,Lou Gehrig,1903-1941,Special Election,Player,,,gehrilo01
1939,Willie Keeler,1872-1923,BBWAA,Player,207.0,75.5%,keelewi01
1939,Old Hoss Radbourn,1854-1897,Old Timers,Player,,,radboch01
1939,George Sisler,1893-1973,BBWAA,Player,235.0,85.8%,sislege01
1939,Al Spalding,1850-1915,Old Timers,Pioneer/Executive,,,spaldal01
1938,Grover Alexander,1887-1950,BBWAA,Player,212.0,80.9%,alexape01
1938,Alexander Cartwright,1820-1892,Centennial,Pioneer/Executive,,,cartwal99
1938,Henry Chadwick,1824-1908,Centennial,Pioneer/Executive,,,chadwhe99
1937,Morgan Bulkeley,1837-1922,Centennial,Pioneer/Executive,,,bulkemo99
1937,Ban Johnson,1865-1931,Centennial,Pioneer/Executive,,,johnsba99
1937,Nap Lajoie,1874-1959,BBWAA,Player,168.0,83.6%,lajoina01
1937,Connie Mack,1862-1956,Centennial,Manager,,,mackco01
1937,John McGraw,1873-1934,Centennial,Manager,,,mcgrajo01
1937,Tris Speaker,1888-1958,BBWAA,Player,165.0,82.1%,speaktr01
1937,George Wright,1847-1937,Centennial,Pioneer/Executive,,,wrighge01
1937,Cy Young,1867-1955,BBWAA,Player,153.0,76.1%,youngcy01
1936,Ty Cobb,1886-1961,BBWAA,Player,222.0,98.2%,cobbty01
1936,Walter Johnson,1887-1946,BBWAA,Player,189.0,83.6%,johnswa01
1936,Christy Mathewson,1880-1925,BBWAA,Player,205.0,90.7%,mathech01
1936,Babe Ruth,1895-1948,BBWAA,Player,215.0,95.1%,ruthba01
1936,Honus Wagner,1874-1955,BBWAA,Player,215.0,95.1%,wagneho01