Rk,Name,Age,Yrs,From,To,ASG,W,L,W-L%,ERA,G,GS,GF,CG,SHO,SV,IP,H,R,ER,HR,BB,IBB,SO,HBP,BK,WP,BF,Pos,Name-additional
1,Charlie Abbey,29,5,1893,1897,0,0,0,,4.50,1,0,1,0,0,0,2.0,6,3,1,0,0,,0,0,0,1,12,OF,abbeych01
2,Ehire Adrianza,293032,12,2013,2024,0,0,0,,12.00,3,0,3,0,0,0,3.0,6,4,4,1,1,0,2,1,0,0,17,SS-3B-2B-OF-1B-RF,adriaeh01
3,Eddie Ainsmith,23,15,1910,1924,0,0,0,,54.00,1,0,0,0,0,0,0.1,2,2,2,0,0,,0,0,0,0,3,C,ainsmed01
4,Hanser Alberto,26282930,8,2015,2023,0,0,0,,7.07,14,0,14,0,0,0,14.0,17,11,11,4,6,0,2,2,0,0,67,2B-3B-SS-DH-P,alberha01
5,Sergio Alcántara,24,3,2020,2022,0,0,0,,0.00,1,0,1,0,0,0,0.1,0,0,0,0,0,0,0,0,0,0,1,SS-2B-3B,alcanse01
6,Mike Aldrete,35,10,1986,1996,0,0,0,,0.00,1,0,1,0,0,0,1.0,1,0,0,0,0,0,0,0,0,0,4,OF-1B-RF-DH-CF,aldremi01
7,Manny Alexander,25,11,1992,2006,0,0,0,,67.50,1,0,1,0,0,0,0.2,1,5,5,1,4,0,0,0,0,0,7,SS-2B-3B,alexama02
8,Myron Allen,293334,4,1883,1888,0,1,3,.250,1.77,5,3,1,3,0,0,35.2,34,16,7,0,7,,3,3,0,2,147,OF,allenmy01
9,Newt Allen,36,20,1923,1947,5,0,0,,0.00,1,0,1,0,0,1,0.2,0,0,0,0,0,0,0,0,0,0,2,2B-SS-3B-1B-RF,allenne02
10,Doug Allison,31,10,1871,1883,0,0,0,,1.80,1,0,1,0,0,0,5.0,11,5,1,0,1,,0,,0,0,26,C-OF,allisdo01
11,Albert Almora,27,7,2016,2022,0,0,0,,27.00,1,0,1,0,0,0,1.0,1,3,3,1,1,0,0,1,0,0,6,OF-CF-RF,almoral01
12,Matty Alou,26,15,1960,1974,2,0,0,,0.00,1,0,1,0,0,0,2.0,3,0,0,0,1,0,3,0,0,0,10,OF-CF-RF-1B,alouma01
13,Aaron Altherr,28,6,2014,2019,0,0,0,,9.00,1,0,1,0,0,0,1.0,2,1,1,0,0,0,2,0,0,0,5,OF-RF-CF,altheaa01
14,Eddy Alvarez,34,4,2020,2024,0,0,0,,0.00,1,0,1,0,0,0,1.0,1,0,0,0,0,0,1,1,0,0,5,3B-2B,alvared01
15,Alexi Amarista,2627,7,2011,2017,0,0,0,,0.00,2,0,2,0,0,0,0.2,0,0,0,0,0,0,0,0,0,0,2,SS-OF-2B-CF-3B-RF,amarial01
16,Jacob Amaya,26,3,2023,2025,0,0,0,,0.00,1,0,1,0,0,0,1.0,0,0,0,0,0,0,0,0,0,0,3,SS,amayaja01
17,Mike Anderson,28,9,1971,1979,0,0,0,,0.00,1,0,1,0,0,0,1.0,2,0,0,0,0,0,2,0,0,0,5,OF-RF-CF,andermi01
18,Fred Andrus,33,2,1876,1884,0,1,0,1.000,2.00,1,1,0,1,0,0,9.0,11,3,2,1,2,,2,,0,0,39,,andrufr01
19,Rick Ankiel,19202124,11,1999,2013,0,13,10,.565,3.90,51,41,1,0,0,1,242.0,198,119,105,32,130,2,269,12,2,20,1039,OF-CF-RF-P,ankieri01
20,Dean Anna,27,2,2014,2015,0,0,0,,18.00,1,0,1,0,0,0,1.0,3,2,2,0,0,0,0,0,0,0,6,,annade01
21,Cap Anson HOF,3132,27,1871,1897,0,0,1,.000,4.50,3,0,3,0,0,1,4.0,4,5,2,2,2,,1,,0,0,21,1B-3B-C-OF-2B,ansonca01
22,Nori Aoki,35,6,2012,2017,0,0,0,,27.00,1,0,1,0,0,0,1.0,1,3,3,0,2,0,0,0,0,0,6,OF-RF-CF-DH,aokino01
23,Jonathan Araúz,22,4,2020,2023,0,0,0,,9.00,1,0,1,0,0,0,1.0,2,1,1,0,0,0,0,0,0,0,5,2B-3B-SS,arauzjo01
24,Francisco Arcia,28,1,2018,2018,0,0,0,,9.00,2,0,2,0,0,0,3.0,5,3,3,2,0,0,0,0,0,0,13,C,arciafr01
25,Orlando Arcia,2527,10,2016,2025,1,0,0,,12.00,3,0,3,0,0,0,3.0,4,4,4,1,2,0,0,0,0,0,15,SS-2B-OF,arciaor01
26,J.P. Arencibia,28,6,2010,2015,0,0,0,,0.00,1,0,1,0,0,0,1.0,1,0,0,0,0,0,0,0,0,0,4,C-DH-1B,arencjp01
27,Buddy Armour,18,10,1933,1947,4,0,0,,5.87,1,0,,0,0,0,7.2,11,6,5,1,0,,1,0,,1,32,SS-CF-RF,armoubu01
28,Christian Arroyo,26,7,2017,2023,0,0,0,,0.00,1,0,1,0,0,0,1.0,1,2,0,1,1,0,0,0,0,0,5,2B-3B-SS-RF-OF-1B,arroych01
29,Humberto Arteaga,25,2,2019,2021,0,0,0,,5.40,1,0,1,0,0,0,1.2,2,1,1,1,1,0,0,0,0,0,8,SS,arteahu01
30,Willians Astudillo,262930,5,2018,2022,0,0,0,,7.71,7,0,7,0,0,0,7.0,6,6,6,3,4,0,0,0,0,0,31,3B-C-1B-2B-OF,astudwi01
31,Alex Avila,3132,13,2009,2021,1,0,0,,2.25,3,0,3,0,0,0,4.0,3,1,1,0,1,0,1,0,0,0,15,C-1B-DH,avilaal01
32,Erick Aybar,33,12,2006,2017,1,0,0,,0.00,2,0,2,0,0,0,1.1,0,0,0,0,1,0,0,0,0,0,4,SS-2B-3B,aybarer01
33,Bob Bailor,28,11,1975,1985,0,0,0,,7.71,3,0,2,0,0,0,2.1,4,2,2,0,1,0,0,0,0,0,12,OF-RF-SS-2B-3B-CF-DH,bailobo01
34,John Baker,33,7,2008,2014,0,1,0,1.000,0.00,1,0,1,0,0,0,1.0,0,0,0,0,1,0,0,0,0,0,3,C,bakerjo01
35,Rufus Baker,28,6,1943,1948,0,0,0,,0.00,1,0,1,0,0,0,1.0,0,0,0,0,0,0,1,0,0,0,3,SS-C-CF-3B,bakerru01
36,Kid Baldwin,20,7,1884,1890,0,0,0,,9.00,2,1,1,0,0,0,4.0,5,6,4,0,6,,1,0,0,0,23,C-OF-3B,baldwki01
37,Sal Bando,35,16,1966,1981,4,0,0,,6.00,1,0,0,0,0,0,3.0,3,2,2,0,0,0,0,0,0,0,13,3B-DH-1B,bandosa01
38,Sam Bankhead,212333,15,1932,1948,9,1,5,.167,3.31,9,6,1,5,0,0,49.0,53,26,18,0,5,0,23,1,0,0,12,SS-CF-2B-3B,bankhsa01
39,Jimmy Bannon,222324,4,1893,1896,0,0,1,.000,12.00,3,1,2,0,0,0,9.0,18,23,12,2,8,,2,2,0,1,55,OF,bannoji01
40,Marvin Barker,31343536,14,1935,1948,3,1,2,.333,4.37,15,4,8,4,0,0,59.2,67,38,29,1,20,0,14,1,0,0,265,CF-3B-2B-RF-1B-P,barkema01
41,Ross Barnes,26,9,1871,1881,0,0,0,,20.25,1,0,0,0,0,0,1.1,7,8,3,0,0,,0,,0,0,13,2B-SS-3B,barnero01
42,Darwin Barney,30,8,2010,2017,0,0,1,.000,9.00,1,0,1,0,0,0,1.0,1,1,1,1,0,0,1,0,0,0,4,2B-3B-SS,barneda01
43,Tucker Barnhart,31323334,12,2014,2025,0,0,0,,7.88,7,0,7,0,0,0,8.0,19,7,7,1,0,0,0,1,0,0,42,C-1B,barnhtu01
44,Bill Barrett,21,9,1921,1930,0,1,0,1.000,7.20,4,0,2,0,0,0,5.0,2,4,4,0,9,,2,0,0,1,25,OF-RF-SS-2B-CF-3B,barrebi02
45,Pepper Bassett,3233,12,1935,1948,6,1,2,.333,7.27,3,2,0,1,0,0,17.1,29,18,14,0,5,0,7,0,0,1,87,C,bassepe01
46,Charlie Bastian,26,8,1884,1891,0,0,0,,3.00,1,0,1,0,0,0,6.0,6,5,2,0,0,,2,,0,2,25,SS-2B-3B,bastich01
47,Matthew Batten,27,3,2022,2024,0,0,0,,4.50,2,0,2,0,0,0,2.0,2,1,1,1,0,0,1,0,0,0,8,3B-2B,battema01
48,Joe Battin,2329,10,1871,1890,0,0,0,,3.52,3,0,2,0,0,0,7.2,12,6,3,0,2,,1,,0,1,38,3B-2B-OF,battijo01
49,Jake Bauers,2829,6,2018,2025,0,0,0,,2.25,8,0,8,0,0,0,8.0,9,2,2,0,5,0,1,2,0,0,39,1B-OF-RF-DH,bauerja01
50,Matt Beaty,30,5,2019,2023,0,0,0,,27.00,1,0,1,0,0,0,1.0,3,3,3,0,1,0,1,0,0,0,7,OF-1B-RF-DH-3B,beatyma01
51,George Bechtel,22242526,6,1871,1876,0,7,20,.259,3.19,30,27,2,25,0,0,243.0,337,265,86,0,22,,10,,0,17,1197,OF-P,bechtge01
52,Jake Beckley HOF,34,20,1888,1907,0,0,1,.000,6.75,1,1,0,0,0,0,4.0,9,8,3,0,1,,2,0,0,0,21,1B,becklja01
53,John Beckwith,20212526,12,1920,1935,0,0,1,.000,3.22,5,1,,1,0,0,22.1,22,10,8,0,8,,12,1,,0,99,3B-SS-1B-C,beckwjo02
54,Julio Becquer,2829,7,1955,1963,0,0,0,,15.43,2,0,2,0,0,0,2.1,5,4,4,1,1,0,0,0,0,0,13,1B,becquju01
55,Ed Beecher,30,4,1887,1891,0,0,0,,12.00,1,0,1,0,0,0,6.0,10,8,8,0,3,,0,0,1,0,31,OF,beeched01
56,Derek Bell,31,11,1991,2001,0,0,0,,36.00,1,0,1,0,0,0,1.0,3,5,4,0,3,0,0,0,0,0,10,OF-RF-CF-3B,bellde01
57,Anthony Bemboom,3031,5,2019,2023,0,0,0,,9.00,2,0,2,0,0,0,2.0,3,2,2,1,1,0,0,0,0,0,11,C,bemboan01
58,Mike Benjamin,31,13,1989,2002,0,0,0,,0.00,1,0,1,0,0,0,1.0,0,0,0,0,0,0,0,0,0,0,3,SS-3B-2B-1B,benjami01
59,Christian Bethancourt,24253031,8,2013,2024,0,0,0,,9.31,11,0,7,0,0,0,9.2,16,13,10,3,12,0,4,1,0,2,58,C-1B-DH-OF-P,bethach01
60,Lou Bierbauer,202122,13,1886,1898,0,0,0,,3.07,4,0,4,0,0,1,14.2,13,10,5,0,5,,5,0,0,2,67,2B-3B,bierblo01
61,Larry Biittner,30,14,1970,1983,0,0,0,,40.50,1,0,1,0,0,0,1.1,5,6,6,3,1,0,3,0,0,0,10,OF-1B-RF-CF-DH,biittla01
62,Lena Blackburne,42,8,1910,1929,0,0,0,,0.00,1,0,1,0,0,0,0.1,1,0,0,0,0,0,0,0,0,0,1,SS-3B-2B,blackle01
63,Chester Blanchard,22,2,1926,1928,0,0,0,,0.00,1,0,1,0,0,0,1.0,0,0,0,0,0,,0,0,0,0,3,SS,blancch01
64,Andrés Blanco,33,10,2004,2017,0,0,0,,27.00,1,0,1,0,0,0,0.1,1,1,1,1,0,0,0,0,0,0,2,2B-SS-3B-1B,blancan01
65,Alex Blandino,2528,3,2018,2021,0,0,0,,7.71,5,0,3,0,0,0,4.2,5,5,4,1,4,0,3,0,0,1,22,2B-3B-1B-SS,blandal01
66,Terry Blocker,29,3,1985,1989,0,0,0,,0.00,1,0,1,0,0,0,1.0,0,0,0,0,2,0,0,0,0,0,4,OF-CF,blockte01
67,Willie Bobo,26,7,1923,1930,0,0,0,,36.00,1,0,1,0,0,0,1.0,4,5,4,1,0,,0,2,0,0,10,1B,bobowi01
68,Tim Bogar,33,9,1993,2001,0,0,0,,4.50,2,0,2,0,0,0,2.0,2,1,1,1,1,0,1,0,0,0,9,SS-3B-1B-2B,bogarti01
69,Wade Boggs HOF,3941,18,1982,1999,12,0,0,,3.86,2,0,2,0,0,0,2.1,3,1,1,0,1,0,2,0,0,0,11,3B-DH-1B,boggswa01
70,Brian Bogusevic,28,5,2010,2015,0,0,0,,18.00,1,0,1,0,0,0,1.0,3,2,2,1,0,0,0,0,0,0,7,OF-RF-CF,bogusbr01
71,Bobby Bonilla,38,16,1986,2001,6,0,0,,18.00,1,0,1,0,0,0,1.0,3,2,2,1,1,0,0,0,1,0,6,3B-OF-RF-1B-DH-CF,bonilbo01
72,Amos Booth,2728,4,1876,1882,0,1,8,.111,4.14,15,9,5,6,0,0,95.2,136,93,44,1,13,,18,,0,7,449,C-SS-3B-P-2B,bootham01
73,Eddie Booth,,5,1872,1876,0,0,0,,10.80,1,0,1,0,0,0,5.0,16,10,6,0,0,,0,,0,0,34,OF-2B,boothed01
74,David Bote,31,6,2018,2024,0,0,0,,0.00,1,0,1,0,0,0,1.0,1,0,0,0,1,0,0,0,0,0,5,3B-2B-1B-SS,boteda01
75,Frank Bowerman,35,15,1895,1909,0,0,0,,9.00,1,0,1,0,0,0,1.0,3,4,1,0,1,,0,0,0,0,8,C-1B,bowerfr01
76,Bob Bowman,28,5,1955,1959,0,0,1,.000,6.00,5,0,4,0,0,0,6.0,5,5,4,1,5,0,0,0,0,1,27,OF-RF,bowmabo02
77,Bill Boyd,22,4,1872,1875,0,0,0,,0.00,1,0,1,0,0,0,1.2,4,3,0,0,0,,0,,0,1,9,3B-OF-2B,boydbi01
78,Bill Bradley,23,14,1899,1915,0,0,0,,0.00,1,0,0,0,0,0,1.0,4,3,0,0,0,,0,0,0,0,7,3B-SS-1B,bradlbi01
79,Jackie Bradley Jr.,32,11,2013,2023,1,0,0,,9.00,1,0,1,0,0,0,1.0,1,1,1,0,3,0,1,0,0,0,7,OF-CF-RF,bradlja02
80,Rob Brantly,27,10,2012,2025,0,0,0,,9.00,1,0,1,0,0,0,1.0,1,1,1,1,0,0,0,0,0,0,4,C,brantro01
81,Roger Bresnahan HOF,182231,17,1897,1915,0,4,1,.800,3.93,9,6,3,3,1,0,50.1,68,30,22,1,15,,15,3,0,0,230,C-OF-CF-RF-3B-1B-2B,bresnro01
82,Rube Bressler,19202122232425,19,1914,1932,0,26,32,.448,3.40,107,52,42,27,3,2,540.0,511,267,204,8,242,,229,14,0,13,2235,OF-1B-P-RF,bressru01
83,Rod Brewer,27,4,1990,1993,0,0,0,,45.00,1,0,1,0,0,0,1.0,3,5,5,1,2,0,1,0,0,0,8,1B-OF-RF,brewero01
84,Jonah Bride,29,4,2022,2025,0,0,0,,6.00,2,0,2,0,0,0,3.0,5,2,2,0,2,0,1,1,0,0,17,3B-1B-2B-DH,bridejo01
85,Sidney Brooks,283033,5,1920,1926,0,1,3,.250,6.21,9,4,4,2,0,0,33.1,40,33,23,2,17,,10,2,0,1,157,1B-2B-RF-3B,brooksi01
86,Mike Brosseau,25262829,5,2019,2023,0,0,0,,2.79,10,0,10,0,0,0,9.2,8,3,3,2,2,0,1,1,0,0,41,3B-2B-1B-OF-P,brossmi01
87,Dan Brouthers HOF,2125,19,1879,1904,0,0,2,.000,7.83,4,2,1,2,0,0,23.0,44,37,20,0,11,,8,,0,4,127,1B-OF,broutda01
88,Frank Brower,31,5,1920,1924,0,0,0,,0.93,4,0,4,0,0,0,9.2,7,2,1,0,4,,0,1,0,0,38,RF-OF-1B,browefr01
89,Dusty Brown,27,3,2009,2011,0,0,0,,9.00,1,0,1,0,0,0,1.0,2,1,1,0,0,0,1,0,0,0,5,C,browndu01
90,Ed Brown,,2,1882,1884,0,1,5,.167,4.60,8,7,1,5,1,0,47.0,64,51,24,1,18,,22,1,0,4,230,3B-OF,browned01
91,Jim Brown,38,16,1920,1937,0,0,0,,0.00,1,0,,0,0,0,0.2,0,0,0,,1,,0,0,,0,,C-1B-RF,brownji04
92,Lew Brown,2026,7,1876,1884,0,0,0,,27.00,2,0,1,0,0,1,2.0,6,11,6,0,5,,0,,0,2,18,C-1B-OF,brownle01
93,Tom Brown,2122232425,17,1882,1898,0,2,2,.500,5.29,12,1,11,1,0,0,49.1,56,55,29,0,31,,16,3,0,14,265,OF-P,brownto01
94,Pete Browning,23,13,1882,1894,0,0,1,.000,54.00,1,1,0,0,0,0,0.1,2,3,2,0,2,,0,1,0,0,5,OF-3B-2B-SS-1B,brownpe01
95,Lou Bruce,27,1,1904,1904,0,0,0,,4.91,2,0,2,0,0,0,11.0,11,7,6,1,2,,2,0,0,0,44,OF,brucelo01
96,Vidal Bruján,26,5,2021,2025,0,0,0,,43.20,2,0,1,0,0,0,1.2,7,8,8,2,3,0,1,1,0,0,16,2B-OF-SS-RF-3B-CF,brujavi01
97,James Buford,26,4,1930,1933,0,0,0,,27.00,1,0,,0,0,0,1.1,5,4,4,0,1,,0,0,,0,11,2B-3B,buforbl01
98,Buddy Burbage,25,9,1929,1943,0,0,0,,3.18,1,0,1,0,0,0,5.2,6,2,2,0,0,,0,0,,0,22,RF-CF,burbabu01
99,Walter Burch,3438,8,1934,1946,0,0,1,.000,11.12,2,0,1,0,0,0,5.2,10,7,7,1,1,0,1,0,0,0,7,C,burchwa01
100,Jamie Burke,36,8,2001,2010,0,0,1,.000,9.00,1,0,1,0,0,0,1.0,1,1,1,0,0,0,0,0,0,1,4,C,burkeja02
101,Jesse Burkett HOF,212533,16,1890,1905,0,3,11,.214,5.56,23,14,8,6,0,0,123.0,144,129,76,3,94,,84,14,0,16,617,OF-P,burkeje01
102,Alec Burleson,2426,4,2022,2025,0,0,0,,13.50,3,0,3,0,0,0,2.2,9,4,4,1,0,0,1,1,0,0,17,OF-DH-RF-1B,burleal01
103,Tex Burnett,25,12,1922,1941,0,0,0,,,0,0,,0,0,0,0.0,0,0,0,,0,,0,0,,0,0,C-1B-RF,burnete01
104,Andy Burns,30,2,2016,2021,0,0,0,,18.00,1,0,1,0,0,0,1.0,3,2,2,1,0,0,1,0,0,0,6,,burnsan01
105,Thomas Burns,19202223,11,1884,1895,0,8,5,.615,4.09,25,11,11,10,1,4,138.2,152,105,63,2,30,,40,16,1,25,607,OF-SS-3B-P-2B,burnsoy01
106,Tom Burns,23,13,1880,1892,0,0,0,,0.00,1,0,0,0,0,0,1.1,2,4,0,0,2,,1,,0,0,10,3B-SS-2B-OF,burnsto01
107,Sean Burroughs,24,7,2002,2012,0,0,0,,27.00,1,0,1,0,0,0,1.0,4,3,3,1,0,0,0,0,0,0,7,3B-2B,burrose01
108,Drew Butera,2830323436,12,2010,2021,0,0,0,,7.50,7,0,7,0,0,0,6.0,8,5,5,1,4,0,5,0,0,1,30,C-1B,buterdr01
109,Sal Butera,3233,9,1980,1988,0,0,0,,0.00,2,0,2,0,0,0,2.0,0,0,0,0,1,0,1,0,0,0,7,C,butersa01
110,Asdrúbal Cabrera,35,15,2007,2021,2,0,0,,0.00,2,0,1,0,0,0,1.1,1,0,0,0,0,0,0,0,0,0,4,SS-2B-3B-1B-DH,cabreas01
111,Oswaldo Cabrera,25,4,2022,2025,0,0,0,,0.00,1,0,1,0,0,0,0.1,0,0,0,0,2,0,0,0,0,0,3,OF-3B-RF-2B-1B-SS,cabreos01
112,John Cahill,192122,3,1884,1887,0,2,2,.500,8.64,10,2,8,2,0,0,50.0,66,58,48,3,26,,8,5,0,9,236,OF-P-3B,cahiljo01
113,Jack Cameron,21,1,1906,1906,0,0,0,,0.00,2,1,1,0,0,0,6.0,4,0,0,0,6,,2,0,0,0,25,OF,camerja01
114,Roy Campanella HOF,23,18,1937,1957,11,1,0,1.000,5.28,2,2,0,1,0,0,15.1,13,12,9,1,6,0,16,1,0,0,67,C-RF,camparo01
115,Bert Campaneris,23,19,1964,1983,6,0,0,,9.00,1,0,0,0,0,0,1.0,1,1,1,0,2,0,1,0,0,0,5,SS-3B-OF-2B-DH,campabe01
116,John Cangelosi,253234,13,1985,1999,0,0,0,,0.00,3,0,3,0,0,0,4.0,1,0,0,0,2,0,0,0,0,1,15,OF-CF-RF-DH,cangejo01
117,Walter Cannady,20232736,13,1922,1945,1,4,2,.667,4.54,11,5,3,4,0,0,71.1,67,46,36,2,31,,29,2,,0,305,SS-2B-3B-1B-P,cannawa01
118,José Canseco,28,17,1985,2001,6,0,0,,27.00,1,0,1,0,0,0,1.0,2,3,3,0,3,0,0,0,0,0,8,OF-DH-RF,cansejo01
119,Vinny Capra,28,4,2022,2025,0,0,0,,0.00,1,0,1,0,0,0,1.0,0,0,0,0,0,0,0,0,0,0,3,3B,capravi01
120,Victor Caratini,242528,9,2017,2025,0,0,0,,12.60,5,0,3,0,0,0,5.0,7,7,7,2,2,0,0,1,0,0,24,C-1B-DH,caratvi01
121,Francisco Cárdenas,27,4,1924,1927,0,0,1,.000,5.63,1,1,,1,0,0,8.0,11,5,5,,6,,2,0,,0,41,C-1B,cardefr01
122,Eddie Carnett,242728,3,1941,1945,0,0,0,,8.44,6,0,4,0,0,0,5.1,7,5,5,1,3,0,4,0,0,0,26,OF-CF-1B-RF,carneed01
123,Pat Carney,252627,4,1901,1904,0,4,10,.286,4.69,16,13,3,10,0,0,109.1,139,84,57,4,46,,37,4,0,4,509,OF-RF-P-CF,carnepa01
124,Mike Carp,28,6,2009,2014,0,0,0,,9.00,1,0,1,0,0,0,1.0,0,1,1,0,5,0,0,0,0,0,7,1B-OF-DH,carpmi01
125,Matt Carpenter,35,14,2011,2024,3,0,0,,0.00,1,0,1,0,0,0,1.1,2,0,0,0,0,0,0,1,0,0,6,3B-1B-2B-DH-OF-RF,carpema01
126,Jamey Carroll,39,12,2002,2013,0,0,0,,0.00,1,0,1,0,0,0,1.0,0,0,0,0,0,0,0,0,0,0,3,2B-3B-SS-OF,carroja01
127,Bill Carter,,4,1930,1938,0,0,1,.000,15.43,1,1,0,0,0,0,2.1,7,5,4,0,0,0,0,0,0,0,16,3B-1B-SS-2B,cartebi01
128,Kevin Cash,32,8,2002,2010,0,0,0,,9.00,1,0,1,0,0,0,1.0,3,1,1,0,0,0,0,0,0,0,6,C,cashke01
129,John Cassidy,2022,11,1875,1885,0,2,22,.083,3.19,32,24,8,20,0,0,231.2,308,253,82,3,12,,11,,0,20,1111,OF-P-1B-3B,cassijo01
130,Diego Castillo,24,3,2022,2024,0,0,0,,36.00,2,0,2,0,0,0,2.0,6,8,8,1,3,0,1,1,0,0,15,SS-2B-RF-OF,castidi02
131,Manny Castillo,26,3,1980,1983,0,0,0,,23.63,1,0,0,0,0,0,2.2,8,7,7,3,3,0,2,1,0,1,19,3B-2B-1B,castima01
132,Harold Castro,272829,6,2018,2023,0,0,0,,4.15,9,0,8,0,0,0,8.2,10,4,4,0,5,0,1,2,0,0,40,2B-OF-SS-1B-3B-CF-DH-RF,castrha01
133,Willi Castro,262728,7,2019,2025,1,0,0,,5.79,6,0,6,0,0,0,4.2,4,3,3,0,2,0,0,0,0,0,19,OF-2B-SS-CF-3B-RF-DH,castrwi01
134,Ted Cather,24,4,1912,1915,0,0,0,,54.00,1,0,0,0,0,0,0.1,1,2,2,0,2,,0,1,0,0,5,OF-RF-CF,cathete01
135,Armando Celada,28,1,1929,1929,0,0,0,,4.50,1,0,,0,0,0,2.0,3,1,1,,0,,0,0,,0,,SS-3B,celadar01
136,Rick Cerone,33,18,1975,1992,0,0,0,,0.00,2,0,2,0,0,0,2.0,0,0,0,0,1,0,1,0,1,0,7,C-DH,ceronri01
137,Pelayo Chacón,36,5,1923,1927,0,0,0,,0.00,1,0,,0,0,0,1.0,1,0,0,,1,,1,0,,0,5,SS,chacope01
138,Yu Chang,26,5,2019,2023,0,0,0,,13.50,2,0,2,0,0,0,2.0,6,3,3,1,0,0,0,0,0,0,11,SS-1B-3B-2B,changyu01
139,Ben Chapman,353637,15,1930,1946,4,8,6,.571,4.39,25,16,7,8,0,0,141.1,147,77,69,7,71,12,65,6,1,3,642,OF-CF-RF-3B-2B-P,chapmbe01
140,Oscar Charleston HOF,232426293036,18,1920,1941,3,1,4,.200,4.91,17,5,3,2,0,0,80.2,93,60,44,3,36,,28,9,0,3,380,CF-1B-RF-P,charlos99
141,Hal Chase,25,15,1905,1919,0,0,0,,0.00,1,0,0,0,0,0,0.1,0,0,0,0,0,,0,0,0,0,1,1B-OF-2B-CF,chaseha01
142,Jeff Cirillo,37,14,1994,2007,2,0,0,,0.00,1,0,1,0,0,0,1.0,0,0,0,0,2,0,1,0,0,0,5,3B-1B-2B-DH,cirilje01
143,Bobby Clack,26,3,1874,1876,0,0,0,,4.50,1,0,1,0,0,0,2.0,2,1,1,0,0,,0,,0,0,8,OF,clackbo01
144,Spider Clark,22,2,1889,1890,0,0,0,,6.75,1,0,1,0,0,0,4.0,8,4,3,0,2,,2,0,0,0,22,OF-C-2B-SS,clarksp01
145,Bob Clarke,20223538,19,1923,1948,1,1,0,1.000,4.34,4,2,1,0,0,0,18.2,15,9,9,0,8,0,11,0,0,0,77,C,clarkbo05
146,Zack Clayton,24,6,1934,1945,0,0,0,,7.71,2,1,1,0,0,0,2.1,5,4,2,1,3,0,3,0,0,0,15,1B,claytza01
147,Kody Clemens,262728,4,2022,2025,0,0,0,,4.22,12,0,11,0,0,0,10.2,18,5,5,1,5,0,2,0,0,0,54,1B-2B-3B-OF-P-DH,clemeko01
148,Ernie Clement,262728,5,2021,2025,0,0,0,,13.50,4,0,4,0,0,0,4.0,11,6,6,2,0,0,0,1,0,1,23,3B-2B-SS-OF-1B-DH,clemeer01
149,Jim Clinton,212425,10,1872,1886,0,1,15,.063,2.94,19,16,3,11,0,0,141.0,178,151,46,1,6,,9,,0,19,655,OF-3B-P,clintji01
150,Ty Cobb HOF,3138,24,1905,1928,0,0,0,,3.60,3,0,2,0,0,1,5.0,6,2,2,0,2,,0,0,0,0,20,OF-CF-RF-1B,cobbty01
151,Rocky Colavito,2434,14,1955,1968,9,1,0,1.000,0.00,2,0,1,0,0,0,5.2,1,0,0,0,5,0,2,0,1,0,23,OF-RF-1B,colavro01
152,John Coleman,202122232627,8,1883,1890,0,23,72,.242,4.68,107,93,13,84,4,0,842.2,1182,772,438,30,102,,224,6,0,27,3913,OF-P-1B,colemjo01
153,Orth Collins,29,2,1904,1909,0,0,0,,0.00,1,0,1,0,0,0,1.0,0,0,0,0,0,,1,0,0,0,3,,collior01
154,Charlie Comiskey HOF,222429,13,1882,1894,0,0,1,.000,0.73,4,1,2,1,0,0,12.1,13,9,1,0,3,,6,0,0,1,58,1B-2B-OF,comisch01
155,Dave Concepción,40,19,1970,1988,9,0,0,,0.00,1,0,1,0,0,0,1.1,2,0,0,0,0,0,1,0,0,0,6,SS-2B-3B-1B,conceda01
156,William Coon,21,2,1875,1876,0,0,0,,5.14,2,0,2,0,0,0,7.0,9,8,4,0,0,,0,,0,0,35,OF-C,coonwi01
157,Johnny Cooney,202122232425272829,20,1921,1944,0,34,44,.436,3.72,159,75,67,44,7,6,795.1,858,409,329,41,223,4,224,19,2,6,3421,OF-CF-P-RF-1B,coonejo01
158,Jack Corcoran,26,1,1884,1884,0,0,0,,0.00,1,0,1,0,0,0,1.0,0,0,0,0,1,,0,0,0,0,5,C,corcoja01
159,John Corkhill,2627282930,10,1883,1892,0,3,4,.429,4.62,17,1,15,0,0,2,62.1,68,48,32,3,17,,21,1,0,3,276,OF-1B-SS-P-3B,corkhpo01
160,Doc Cramer,32,20,1929,1948,5,0,0,,4.50,1,0,1,0,0,0,4.0,3,2,2,0,3,0,1,0,0,0,17,OF-CF-RF,cramedo01
161,Brandon Crawford,3637,14,2011,2024,3,0,0,,15.43,2,0,2,0,0,0,2.1,4,4,4,0,3,0,0,1,0,0,15,SS,crawfbr01
162,Jake Cronenworth,27,6,2020,2025,2,0,0,,0.00,1,0,1,0,0,0,0.2,1,0,0,0,0,0,1,0,0,0,3,2B-1B-SS,croneja01
163,Jimmie Crutchfield,22,14,1930,1945,4,0,0,,8.31,1,1,0,0,0,0,4.1,9,5,4,0,4,,1,0,,0,25,CF-RF,crutcji01
164,Todd Cruz,28,6,1978,1984,0,0,0,,0.00,1,0,1,0,0,0,1.0,0,0,0,0,0,0,0,0,0,0,3,SS-3B,cruzto02
165,Michael Cuddyer,32,15,2001,2015,2,0,0,,0.00,1,0,1,0,0,0,1.0,2,0,0,0,1,0,0,0,0,0,6,OF-RF-1B-3B-2B-DH,cuddymi01
166,Jim Cudworth,25,1,1884,1884,0,0,0,,4.24,2,1,1,1,0,0,17.0,19,16,8,1,3,,6,,0,0,75,1B-OF,cudwoji01
167,Charlie Culberson,2930313233,11,2012,2023,0,0,0,,1.23,8,0,8,0,0,0,7.1,7,1,1,0,3,0,1,0,0,1,31,3B-OF-SS-2B-1B-DH-RF,culbech01
168,Nick Cullop,26,5,1926,1931,0,0,0,,9.00,1,0,1,0,0,0,1.0,3,1,1,0,0,,0,0,0,0,5,OF-CF-RF,culloni02
169,Chase d'Arnaud,31,7,2011,2018,0,0,0,,0.00,1,0,1,0,0,0,1.0,1,0,0,0,0,0,0,0,0,0,4,SS-3B-2B-OF,darnach01
170,Vince Dailey,25,1,1890,1890,0,0,1,.000,7.71,2,1,1,0,0,0,7.0,12,17,6,0,7,,0,0,0,0,40,OF,dailevi01
171,Lunie Danage,25,1,1920,1920,0,1,0,1.000,1.15,2,1,,1,0,0,15.2,10,3,2,0,7,,11,1,,1,62,2B-3B,danaglu01
172,Al Dark,31,14,1946,1960,3,0,0,,18.00,1,1,0,0,0,0,1.0,1,2,2,1,1,0,0,0,0,0,5,SS-3B-OF-2B-1B,darkal01
173,Bobby Darwin,1926,9,1962,1977,0,0,1,.000,10.29,4,1,1,0,0,0,7.0,12,10,8,0,9,0,6,2,0,2,44,OF-RF-CF-DH,darwibo01
174,Doug Dascenzo,2627,7,1988,1996,0,0,0,,0.00,4,0,4,0,0,0,5.0,3,0,0,0,2,0,2,0,0,0,18,OF-CF-RF,dascedo01
175,Vic Davalillo,29,16,1963,1980,1,0,0,,inf,2,0,0,0,0,0,0.0,2,1,1,0,2,0,0,0,0,0,4,OF-CF-RF-1B,davalvi01
176,Matt Davidson,2729,6,2013,2022,0,0,0,,2.84,6,0,6,0,0,0,6.1,5,2,2,1,3,0,3,0,0,0,26,DH-3B-1B,davidma02
177,Chili Davis,33,19,1981,1999,3,0,0,,0.00,1,0,1,0,0,0,2.0,0,0,0,0,0,0,0,1,0,0,7,OF-DH-CF-RF,davisch01
178,Chris Davis,2633,13,2008,2020,1,1,0,1.000,3.00,2,0,2,0,0,0,3.0,4,1,1,1,1,0,3,0,0,0,13,1B-DH-3B-OF-RF,davisch02
179,George Davis HOF,20,20,1890,1909,0,0,1,.000,15.75,3,0,3,0,0,1,4.0,8,8,7,0,3,,4,0,0,0,23,SS-3B-OF-2B-1B,davisge01
180,Ike Davis,28,7,2010,2016,0,0,0,,0.00,2,0,2,0,0,0,2.0,1,0,0,0,1,0,1,0,0,0,8,1B,davisik02
181,J.D. Davis,2425,9,2017,2025,0,0,0,,3.38,3,0,3,0,0,0,2.2,2,1,1,1,1,0,4,0,0,0,11,3B-DH-OF-1B,davisjd01
182,Saul Davis,2426,8,1925,1934,0,0,3,.000,5.97,8,2,,0,0,0,31.2,38,22,21,,20,,6,2,,0,151,SS-2B-RF-3B,davissa01
183,Steel Arm Davis,24273437,10,1920,1935,1,5,4,.556,5.47,21,12,1,4,0,1,82.1,90,61,50,7,48,,37,2,0,3,329,1B-RF-P,davisst04
184,Taylor Davis,29,4,2017,2021,0,0,0,,0.00,1,0,1,0,0,0,1.0,3,0,0,0,0,0,0,0,0,0,6,C,davista01
185,Jaff Decker,25,5,2013,2017,0,0,0,,0.00,1,0,1,0,0,0,1.0,2,0,0,0,0,0,0,0,0,0,5,OF-RF-CF,deckeja01
186,Otto Deininger,24,3,1902,1909,0,0,0,,9.75,2,1,1,0,0,0,12.0,19,16,13,3,9,,2,2,0,1,64,OF-CF,deinipe01
187,Jim Delahanty,2526,13,1901,1915,0,0,0,,1.69,2,1,1,0,0,0,5.1,10,5,1,1,1,,0,0,0,0,25,2B-3B-OF-1B-RF,delahji01
188,Travis Demeritte,25,3,2019,2022,0,0,0,,36.00,1,0,1,0,0,0,1.0,4,4,4,2,0,0,0,0,0,0,7,OF-RF,demertr01
189,Rick Dempsey,41,24,1969,1992,0,0,0,,4.50,2,0,2,0,0,0,2.0,3,1,1,0,1,0,0,0,0,0,10,C-OF-DH-RF,dempsri01
190,Jerry Denny,29,13,1881,1894,0,0,0,,9.00,1,0,1,0,0,0,4.0,5,5,4,1,4,,1,0,0,3,22,3B-SS-1B-2B,dennyje01
191,Chris Denorfia,34,10,2005,2015,0,0,0,,0.00,1,0,1,0,0,0,0.1,0,0,0,0,0,0,0,0,0,0,1,OF-RF-CF,denorch01
192,Daniel Descalso,27303132,10,2010,2019,0,0,0,,6.75,6,0,4,0,0,0,6.2,6,5,5,3,1,0,2,0,0,0,27,2B-3B-SS-1B-OF-DH,descada01
193,Ian Desmond,33,11,2009,2019,2,0,0,,0.00,1,0,1,0,0,0,1.0,1,0,0,0,0,0,0,0,0,0,4,SS-OF-CF-1B,desmoia01
194,Corey Dickerson,33,11,2013,2023,1,0,0,,0.00,1,0,1,0,0,0,1.0,2,0,0,0,1,0,0,0,0,0,6,OF-DH-CF-RF,dickeco01
195,Wilmer Difo,29,8,2015,2022,0,0,0,,36.00,2,0,2,0,0,0,2.0,9,8,8,1,3,0,1,0,0,0,18,2B-SS-3B-OF-RF,difowi01
196,Brandon Dixon,262731,5,2018,2023,0,0,0,,4.15,5,0,5,0,0,0,4.1,1,2,2,1,0,0,2,2,0,0,16,1B-OF-RF-DH-3B-2B,dixonbr01
197,Rap Dixon,21,12,1924,1937,2,0,0,,,0,0,,0,0,0,0.0,0,0,0,,0,,0,0,,0,,RF-CF,dixonra01
198,Cozy Dolan,22233233,9,1895,1906,0,11,13,.458,4.44,35,26,7,21,3,1,255.1,289,197,126,15,101,,69,17,0,9,1140,OF-RF-CF-1B-P,dolanco01
199,Tom Dolan,28,7,1879,1888,0,0,0,,4.50,1,0,1,0,0,0,4.0,4,3,2,0,0,,0,,0,0,16,C-OF,dolanto01
200,Josh Donaldson,37,13,2010,2023,3,0,0,,0.00,1,0,1,0,0,0,1.0,0,0,0,0,0,0,0,0,0,0,3,3B-DH-C,donaljo02
201,Mike Donlin,2124,12,1899,1914,0,0,1,.000,7.16,4,1,3,0,0,0,16.1,16,15,13,1,14,,6,1,0,0,78,OF-CF-RF-1B,donlimi01
202,Chris Donnels,35,8,1991,2002,0,0,0,,0.00,1,0,1,0,0,0,0.1,0,0,0,0,0,0,0,0,0,0,1,3B-1B-2B,donnech01
203,Tom Donovan,28,1,1901,1901,0,0,0,,5.14,1,0,1,0,0,0,7.0,16,11,4,0,3,,0,2,0,0,41,RF-OF,donovto01
204,Mike Dorgan,25262930,10,1877,1890,0,8,7,.533,3.28,18,15,1,13,0,0,140.0,123,100,51,5,59,,103,,1,24,622,OF-1B-C-P-3B,dorgami01
205,Bunny Downs,2934,5,1923,1929,0,0,0,,16.20,2,0,,0,0,0,3.1,9,8,6,1,2,,2,0,,0,22,2B-SS,downsbu01
206,Tom Dowse,23,3,1890,1892,0,0,0,,5.40,1,0,1,0,0,0,5.0,6,3,3,0,1,,0,0,0,0,22,C-OF-1B,dowseto01
207,Brian Dozier,32,9,2012,2020,1,0,0,,18.00,1,0,1,0,0,0,1.0,2,2,2,1,0,0,0,0,0,0,5,2B-SS,doziebr01
208,Hunter Dozier,30,7,2016,2023,0,0,0,,18.00,1,0,1,0,0,0,1.0,2,2,2,1,1,0,0,0,0,0,6,3B-OF-1B-RF-DH,doziehu01
209,Andy Drake,2532,3,1932,1939,0,0,2,.000,9.53,3,2,,2,0,0,22.2,28,26,24,,12,,6,4,,0,,C,drakean01
210,William Drew,22,1,1884,1884,0,0,1,.000,3.86,1,0,1,0,0,0,7.0,7,5,3,0,0,,2,,0,1,29,,drewda01
211,Brandon Drury,28,10,2015,2024,0,0,0,,27.00,1,0,0,0,0,0,0.2,3,2,2,1,1,0,0,1,0,0,7,2B-3B-OF-1B-RF-DH-SS,drurybr01
212,Matt Duffy,3032,9,2014,2024,0,0,0,,3.86,3,0,2,0,0,0,2.1,3,1,1,1,0,0,0,1,0,0,11,3B-2B-1B-SS-DH,duffyma01
213,Fred Dunlap,2528,12,1880,1891,0,0,0,,6.75,2,0,2,0,0,1,2.2,6,3,2,0,0,,2,0,0,0,12,2B,dunlafr01
214,Jack Dunleavy,2324,3,1903,1905,0,7,12,.368,4.18,21,18,3,14,0,0,157.0,164,91,73,6,80,,79,9,0,3,696,OF-RF-P,dunleja01
215,Adam Dunn,34,14,2001,2014,2,0,0,,9.00,1,0,1,0,0,0,1.0,2,1,1,0,1,0,0,0,0,0,6,OF-1B-DH-RF,dunnad01
216,Jake Dunn,33,11,1930,1943,2,0,0,,9.00,1,0,,0,0,0,2.0,3,2,2,0,1,,0,0,,0,11,SS-RF-CF-2B-3B,dunnja02
217,Ezequiel Duran,26,4,2022,2025,0,0,0,,0.00,1,0,1,0,0,0,1.0,0,0,0,0,0,0,0,0,0,0,3,3B-OF-SS-DH-2B-1B,duranez01
218,Trent Durrington,28,5,1999,2005,0,0,0,,0.00,1,0,1,0,0,0,0.1,0,0,0,0,0,0,0,0,0,0,1,2B-3B,durritr01
219,Erv Dusak,272930,9,1941,1952,0,0,3,.000,5.33,23,3,16,0,0,1,54.0,51,35,32,4,44,2,26,2,0,1,252,OF-CF-RF-2B-3B-P,dusaker01
220,Ben Dyer,25,6,1914,1919,0,0,0,,0.00,2,0,2,0,0,0,1.2,0,0,0,0,0,,0,0,0,0,5,3B-SS,dyerbe01
221,Jimmy Dykes,30,22,1918,1939,2,0,0,,4.50,2,0,2,0,0,1,2.0,2,1,1,0,1,,0,0,0,0,8,3B-2B-1B-SS,dykesji01
222,Adam Eaton,32,10,2012,2021,0,0,0,,0.00,1,0,1,0,0,0,1.0,2,0,0,0,0,0,0,0,0,0,5,OF-RF-CF-DH,eatonad02
223,Nate Eaton,26,2,2022,2023,0,0,0,,0.00,1,0,1,0,0,0,1.0,2,0,0,0,0,0,1,0,0,0,5,OF-RF-3B-CF,eatonna01
224,Eddie Eayrs,222930,3,1913,1921,0,1,2,.333,6.23,11,3,6,0,0,0,39.0,53,34,27,1,27,,13,2,0,1,189,OF-RF-P,eayrsed01
225,Charlie Eden,2930,4,1877,1885,0,1,3,.250,5.53,6,2,4,1,0,0,27.2,34,22,17,1,6,,8,1,0,5,124,OF,edench01
226,Bob Edmondson,27,2,1906,1908,0,0,1,.000,4.50,2,1,1,1,0,0,10.0,10,8,5,0,2,,0,0,0,1,40,OF-RF,edmonbo01
227,Mack Eggleston,35,12,1920,1934,0,0,1,.000,3.60,1,1,0,1,0,0,5.0,6,3,2,1,1,,1,0,,1,22,C-RF-3B,egglema01
228,Brett Eibner,31,3,2016,2020,0,0,0,,13.50,3,0,2,0,0,0,3.1,7,7,5,2,4,1,4,0,0,1,21,OF-RF-CF,eibnebr01
229,Joe Ellick,24,4,1875,1884,0,0,1,.000,3.00,1,0,1,0,0,0,3.0,1,1,1,0,1,,0,,0,1,11,OF-SS-3B,ellicjo01
230,Jake Elmore,2628,6,2012,2019,0,0,0,,4.50,2,0,1,0,0,0,2.0,3,1,1,1,0,0,0,0,0,0,9,SS-OF-2B-1B-3B,elmorja01
231,Bones Ely,21232731,14,1884,1902,0,0,5,.000,6.75,9,5,4,4,0,1,52.0,77,67,39,1,34,,32,0,0,9,273,SS-OF-2B,elybo01
232,Phil Ervin,25,4,2017,2020,0,0,0,,0.00,1,0,1,0,0,0,0.1,0,0,0,0,0,0,0,0,0,0,1,OF-RF-CF,ervinph01
233,Alcides Escobar,35,13,2008,2022,1,0,0,,10.80,2,0,2,0,0,0,1.2,3,2,2,0,1,0,0,1,0,0,10,SS-3B-2B-OF,escobal02
234,Eduardo Escobar,2734,13,2011,2023,1,0,0,,1.93,4,0,4,0,0,0,4.2,3,2,1,0,1,0,0,1,0,0,20,3B-SS-2B-DH-OF-1B,escobed01
235,Santiago Espinal,25,6,2020,2025,1,0,0,,9.00,2,0,2,0,0,0,2.0,3,2,2,1,1,0,0,1,0,0,11,3B-2B-SS-DH-OF,espinsa01
236,Álvaro Espinoza,29,12,1984,1997,0,0,0,,0.00,1,0,1,0,0,0,0.2,0,0,0,0,0,0,0,0,0,0,2,SS-3B-2B-1B,espinal01
237,Jake Evans,232526,7,1879,1885,0,0,1,.000,6.60,3,1,2,1,0,0,15.0,24,18,11,1,0,,3,,0,1,71,OF-SS,evansja01
238,Phillip Evans,28,4,2017,2021,0,0,0,,0.00,1,0,1,0,0,0,1.0,0,0,0,0,0,0,0,0,0,0,3,OF-3B-1B-RF,evansph01
239,Buck Ewing HOF,222425282930,18,1880,1897,0,2,3,.400,3.45,9,4,4,4,0,1,47.0,55,36,18,2,23,,23,1,0,3,233,C-1B-OF-3B-2B-SS,ewingbu01
240,Buck Ewing,18,3,1920,1929,0,0,1,.000,11.12,1,0,,0,0,0,5.2,7,7,7,0,10,,2,0,,1,32,C,ewingbu02
241,Kyle Farmer,2833,9,2017,2025,0,0,0,,5.06,4,0,4,0,0,0,5.1,8,3,3,0,1,0,0,0,0,0,24,SS-2B-3B-1B-DH-C,farmeky01
242,Kerby Farrell,29,2,1943,1945,0,0,1,.000,4.30,5,0,4,0,0,0,23.0,24,11,11,1,9,0,4,0,0,2,97,1B,farreke01
243,Tim Federowicz,31,8,2011,2019,0,0,0,,9.00,1,0,1,0,0,0,1.0,3,1,1,1,0,0,0,0,0,0,6,C,federti01
244,Bob Ferguson,262829303238,14,1871,1884,0,1,3,.250,5.65,11,4,5,4,0,0,57.1,110,73,36,3,7,,1,,0,3,302,3B-2B-SS-P,fergubo01
245,José María Fernández,29,14,1923,1947,0,0,1,.000,4.50,1,1,,1,0,0,8.0,10,7,4,,8,,3,2,,0,44,C-1B,fernajo05
246,Jim Field,27,5,1883,1898,0,1,0,1.000,2.79,2,1,1,1,0,1,9.2,7,4,3,0,4,,2,1,1,0,41,1B,fieldji01
247,Johnny Field,26,1,2018,2018,0,0,0,,0.00,1,0,1,0,0,0,1.0,0,0,0,0,1,0,0,0,0,0,4,OF-RF-CF,fieldjo04
248,Jocko Fields,22,6,1887,1892,0,0,0,,0.00,1,0,0,0,0,0,1.0,0,3,0,0,2,,0,0,0,1,7,OF-C-2B-SS,fieldjo01
249,Steve Finley,36,19,1989,2007,2,0,0,,0.00,1,0,1,0,0,0,1.0,0,0,0,0,1,0,0,1,0,0,4,OF-CF-RF-DH,finlest01
250,Tyler Fitzgerald,26,3,2023,2025,0,0,0,,9.00,3,0,3,0,0,0,3.0,6,3,3,0,0,0,0,0,0,0,14,SS-2B-OF-CF,fitzgty01
251,Ryan Flaherty,29,8,2012,2019,0,0,0,,18.00,1,0,1,0,0,0,1.0,3,2,2,1,0,0,0,0,0,0,7,2B-3B-SS-OF-1B-RF,flahery01
252,Frank Fleet,232527,5,1871,1875,0,2,6,.250,5.02,9,8,0,7,0,0,75.1,136,105,42,0,6,,4,,0,2,398,2B-C-SS-3B,fleetfr01
253,Pedro Florimón,31,8,2011,2018,0,0,0,,9.00,2,0,2,0,0,0,2.0,1,2,2,1,1,0,0,0,0,0,8,SS-OF-2B,floripe01
254,Dickie Flowers,21,2,1871,1872,0,0,0,,0.00,1,0,1,0,0,0,1.0,1,0,0,0,0,,0,,0,0,3,SS,flowedi01
255,Jim Fogarty,20222325,7,1884,1890,0,0,1,.000,4.50,7,0,6,0,0,0,14.0,16,16,7,0,3,,5,0,0,4,68,OF-3B-2B-SS,fogarji01
256,Tom Foley,29,13,1983,1995,0,0,0,,27.00,1,0,1,0,0,0,0.1,1,1,1,1,0,0,0,0,0,0,2,SS-2B-3B-1B,foleyto02
257,Lew Fonseca,33,12,1921,1933,0,0,0,,0.00,1,0,0,0,0,0,1.0,0,0,0,0,0,0,0,0,0,0,3,1B-2B-OF-3B-RF,fonsele01
258,Davy Force,2324,15,1871,1886,0,1,1,.500,6.12,4,1,3,1,0,0,25.0,45,44,17,4,1,,0,,0,1,141,SS-2B-3B,forceda01
259,Mike Ford,262930,6,2019,2024,0,0,0,,19.80,4,0,4,0,0,0,5.0,12,11,11,5,2,0,1,0,0,0,29,DH-1B,fordmi01
260,Logan Forsythe,33,10,2011,2020,0,0,0,,9.00,1,0,1,0,0,0,1.0,2,1,1,0,1,0,0,0,0,1,6,2B-3B-1B-DH-SS-OF,forsylo01
261,Jack Fournier,29,15,1912,1927,0,0,0,,0.00,1,0,1,0,0,0,1.0,0,0,0,0,0,,0,0,0,0,4,1B-OF-RF-CF,fournja01
262,Jimmie Foxx HOF,3137,20,1925,1945,9,1,0,1.000,1.52,10,2,8,0,0,0,23.2,13,4,4,0,14,1,11,1,0,0,97,1B-3B-C-OF-RF-P,foxxji01
263,Ty France,24,7,2019,2025,1,0,0,,4.50,2,0,2,0,0,0,2.0,2,1,1,1,0,0,0,0,0,0,8,1B-DH-2B-3B,francty01
264,Matt Franco,29,8,1995,2003,0,0,0,,13.50,2,0,2,0,0,0,1.1,3,2,2,1,3,0,2,0,0,0,10,1B-3B-OF-DH,francma01
265,Jeff Francoeur,31,12,2005,2016,0,0,0,,9.00,1,0,1,0,0,0,2.0,1,2,2,1,3,0,1,1,0,0,11,OF-RF-DH,francje02
266,Terry Francona,30,10,1981,1990,0,0,0,,0.00,1,0,1,0,0,0,1.0,0,0,0,0,0,0,1,0,0,0,3,1B-OF-RF-DH,francte01
267,Charlie Frank,24,2,1893,1894,0,0,0,,15.00,2,0,2,0,0,0,3.0,6,5,5,1,7,,1,0,0,0,22,OF,frankch01
268,Nick Franklin,24,6,2013,2018,0,0,0,,18.00,1,0,1,0,0,0,1.0,3,2,2,1,0,0,0,1,0,0,7,2B-OF-SS-1B-DH-RF,frankni01
269,Todd Frazier,34,11,2011,2021,2,0,0,,0.00,1,0,1,0,0,0,1.0,0,0,0,0,0,0,1,0,0,0,3,3B-1B-DH-OF,frazito01
270,Buck Freeman,1927,11,1891,1907,0,3,2,.600,4.41,7,4,3,4,0,0,51.0,50,45,25,3,36,,28,7,1,1,244,OF-RF-1B,freembu01
271,Mike Freeman,293133,6,2016,2021,0,0,0,,8.10,3,0,3,0,0,0,3.1,5,3,3,1,0,0,1,0,0,0,15,2B-SS-3B-OF-1B,freemmi01
272,Bernie Friberg,25,14,1919,1933,0,0,0,,4.50,1,0,1,0,0,0,4.0,4,2,2,0,3,,1,0,0,0,17,3B-2B-OF-SS-RF-CF-1B,fribebe01
273,Bill Friel,26,3,1901,1903,0,0,0,,4.50,1,0,0,0,0,0,4.0,4,4,2,0,0,,0,0,0,0,15,2B-3B-OF-RF-CF-1B,frielbi01
274,Emil Frisk,2426,4,1899,1907,0,8,10,.444,4.15,20,16,3,15,0,0,143.0,175,112,66,2,43,,39,8,0,5,635,OF-RF-P,friskem01
275,David Fry,27,3,2023,2025,1,0,0,,12.60,2,0,2,0,0,0,5.0,10,7,7,3,1,0,0,0,0,0,26,DH-C-1B-OF-RF,fryda01
276,Joshua Fuentes,28,3,2019,2021,0,0,0,,0.00,1,0,1,0,0,0,1.0,1,0,0,0,0,0,0,0,0,0,4,1B-3B,fuentjo01
277,Sam Fuld,31,8,2007,2015,0,0,0,,0.00,1,0,1,0,0,0,0.1,0,0,0,0,0,0,0,0,0,0,1,OF-CF-RF-DH,fuldsa01
278,Charles Fulmer,22,11,1871,1884,0,0,0,,3.60,2,0,2,0,0,0,5.0,7,4,2,0,1,,0,,0,0,24,SS-2B-3B,fulmech01
279,Chris Fulmer,27,5,1884,1889,0,0,0,,4.50,1,0,0,0,0,0,2.0,2,2,1,0,1,,0,0,0,0,9,C-OF,fulmech02
280,Eddie Fusselback,25,4,1882,1888,0,1,2,.333,4.70,4,2,2,2,0,1,23.0,34,24,12,0,2,,3,,0,1,108,C-OF,fusseed01
281,Gary Gaetti,383940,20,1981,2000,2,0,0,,7.71,3,0,3,0,0,0,2.1,5,2,2,1,1,0,1,1,0,0,14,3B-1B-DH-SS-OF,gaettga01
282,Milt Galatzer,29,5,1933,1939,0,0,0,,4.50,1,0,1,0,0,0,6.0,7,3,3,0,5,0,3,0,0,0,29,OF-RF-CF,galatmi01
283,Jim Gantner,26,17,1976,1992,0,0,0,,0.00,1,0,0,0,0,0,1.0,2,0,0,0,0,0,0,0,0,0,5,2B-3B,gantnji01
284,Greg Garcia,28,7,2014,2020,0,0,0,,0.00,1,0,1,0,0,0,1.0,1,0,0,0,0,0,0,0,0,0,3,2B-3B-SS-DH,garcigr01
285,Leury García,2324,10,2013,2022,0,0,1,.000,9.00,2,0,1,0,0,0,2.0,2,2,2,0,2,0,1,1,0,1,11,OF-CF-2B-RF-SS-3B-DH,garcile02
286,Robel García,28,2,2019,2021,0,0,0,,36.00,1,0,1,0,0,0,1.0,5,4,4,2,0,0,0,0,0,0,8,2B-3B-SS,garciro02
287,Silvio García,33,4,1936,1947,4,0,0,,0.00,1,0,0,0,0,0,0.1,0,0,0,0,1,0,0,0,0,0,1,SS-3B-2B,garcisi01
288,Gid Gardner,2021242526,7,1879,1888,0,2,12,.143,3.90,15,13,1,12,0,0,113.0,142,102,49,5,28,,33,1,0,20,521,OF-2B-P-3B,gardngi01
289,Mitch Garver,27,9,2017,2025,0,0,0,,0.00,1,0,1,0,0,0,1.0,1,0,0,0,0,0,0,0,0,0,4,C-DH-1B,garvemi01
290,Robert Gaston,32,12,1932,1948,0,0,0,,13.50,1,0,,0,0,0,0.2,1,1,1,,0,,0,0,,0,,C,gastoro01
291,Joe Gedeon,19,7,1913,1920,0,0,0,,0.00,1,0,1,0,0,1,0.1,0,0,0,0,0,,0,0,0,0,1,2B-OF,gedeojo01
292,Count Gedney,26,4,1872,1875,0,1,0,1.000,0.82,2,1,1,1,0,0,11.0,7,4,1,0,1,,2,,0,2,43,OF,gedneco01
293,Billy Geer,,6,1874,1885,0,0,0,,12.60,2,0,2,0,0,0,5.0,14,12,7,0,3,,1,0,0,0,26,SS-OF-2B,geerbi01
294,Gary Geiger,21,12,1958,1970,0,0,0,,9.00,1,0,1,0,0,0,2.0,2,2,2,0,1,0,2,0,0,1,9,OF-CF-RF,geigega01
295,Bill Geiss,2325,2,1882,1884,0,4,9,.308,5.27,14,13,1,10,1,0,100.2,98,89,59,2,24,,11,,0,10,438,2B-P,geisbi01
296,Charlie Gelbert,34,9,1929,1940,0,0,0,,9.00,2,0,2,0,0,0,4.0,5,4,4,2,3,0,1,0,0,0,21,SS-3B-2B,gelbech01
297,Scooter Gennett,27,7,2013,2019,1,0,0,,18.00,1,0,1,0,0,0,1.0,2,2,2,1,1,0,0,1,0,0,7,2B-OF-3B,gennesc01
298,Craig Gentry,28,10,2009,2018,0,0,0,,18.00,1,0,1,0,0,0,1.0,3,2,2,0,1,0,0,0,0,0,7,OF-CF-RF-DH,gentrcr01
299,Tom Gettinger,26,3,1889,1895,0,0,0,,7.11,2,0,1,0,0,0,6.1,13,7,5,1,1,,0,0,0,0,32,OF,gettito01
300,Josh Gibson HOF,23,14,1930,1946,12,0,0,,21.60,1,0,,0,0,0,1.2,4,4,4,0,1,,0,0,,0,10,C-1B-RF-3B,gibsojo99
301,Bob Gilks,222325,5,1887,1893,0,9,9,.500,3.98,21,18,3,17,1,1,160.2,164,106,71,2,59,,36,14,0,7,714,OF-3B-P-SS-1B,gilksbo01
302,Chris Gimenez,31333435,10,2009,2018,0,0,0,,13.09,11,0,11,0,0,0,11.0,19,16,16,5,1,0,3,0,0,0,53,C-1B-OF-P,gimench01
303,Ed Giovanola,30,5,1995,1999,0,0,0,,0.00,1,0,1,0,0,0,1.1,1,0,0,0,2,0,0,0,0,0,7,3B-2B-SS,giovaed01
304,Dan Gladden,3031,11,1983,1993,0,0,0,,4.50,2,0,2,0,0,0,2.0,2,1,1,0,1,0,0,0,0,1,9,OF-CF-DH,gladdda01
305,Jack Glasscock,26293031,17,1879,1895,0,0,0,,6.43,5,0,3,0,0,0,7.0,12,11,5,1,7,,3,1,0,2,41,SS-2B-3B,glassja01
306,Kid Gleason,2223242526272829,22,1888,1912,0,138,131,.513,3.79,299,266,30,240,10,6,2389.1,2552,1511,1007,76,906,,744,78,1,83,10617,2B-P-OF-SS-3B,gleaski01
307,Ross Gload,33,10,2000,2011,0,0,0,,0.00,1,0,1,0,0,0,1.0,0,0,0,0,2,0,0,0,0,0,4,1B-OF-RF-DH,gloadro01
308,Ryan Goins,28,8,2013,2020,0,0,0,,0.00,1,0,0,0,0,0,1.0,2,0,0,0,1,1,0,0,0,0,5,2B-SS-3B-OF-RF,goinsry01
309,Jonny Gomes,34,13,2003,2015,0,0,0,,18.00,1,0,1,0,0,0,1.0,3,2,2,1,0,0,1,0,0,0,6,OF-DH-RF,gomesjo01
310,Carlos Gómez,32,13,2007,2019,2,0,0,,81.00,1,0,0,0,0,0,0.1,0,3,3,0,4,0,0,0,2,0,5,OF-CF-RF-DH,gomezca01
311,Luis Gómez,29,8,1974,1981,0,0,0,,27.00,1,0,1,0,0,0,1.0,3,3,3,0,2,0,0,0,0,0,8,SS-2B-3B-DH,gomezlu01
312,Rene Gonzales,32,13,1984,1997,0,0,0,,0.00,1,0,1,0,0,0,1.0,0,0,0,0,0,0,0,0,0,0,3,3B-2B-SS-1B,gonzare01
313,Alberto González,30,7,2007,2013,0,0,0,,0.00,1,0,1,0,0,0,0.1,0,0,0,0,0,0,0,0,0,0,1,2B-SS-3B,gonzaal03
314,Luis González,26,3,2020,2022,0,0,0,,5.68,5,0,5,0,0,0,6.1,9,4,4,0,1,0,0,0,0,0,30,OF-RF,gonzalu03
315,Marwin González,3233,11,2012,2022,0,0,0,,0.00,2,0,1,0,0,0,1.1,0,0,0,0,0,0,0,0,0,0,4,SS-OF-1B-3B-2B-RF-DH,gonzama01
316,Romy Gonzalez,24,5,2021,2025,0,0,0,,0.00,1,0,1,0,0,0,0.1,0,0,0,0,0,0,1,0,0,0,1,2B-1B-SS-OF-3B-RF,gonzaro01
317,Wiki González,29,7,1999,2006,0,0,0,,0.00,1,0,1,0,0,0,1.0,0,0,0,0,1,0,0,0,0,0,4,C,gonzawi01
318,Wilbur Good,19,11,1905,1918,0,0,2,.000,4.74,5,2,3,0,0,0,19.0,18,17,10,1,14,,13,0,0,2,86,OF-RF-CF,goodwi01
319,Alex Gordon,35,14,2007,2020,3,0,0,,19.29,2,0,1,0,0,0,2.1,8,5,5,1,2,0,0,0,0,0,17,OF-3B-1B-CF-DH,gordoal01
320,Nick Gordon,26,4,2021,2024,0,0,0,,22.09,4,0,3,0,0,0,3.2,10,9,9,2,4,0,0,0,0,0,25,OF-CF-2B-SS,gordoni01
321,Anthony Gose,303133,8,2012,2024,0,3,0,1.000,4.78,31,0,6,0,0,0,32.0,26,19,17,6,17,1,41,1,0,3,138,OF-CF-RF-P,gosean01
322,Phil Gosselin,33,10,2013,2022,0,0,0,,0.00,1,0,1,0,0,0,1.0,0,0,0,0,0,0,0,0,0,0,3,2B-3B-OF-1B-DH-SS-RF,gosseph01
323,Charlie Gould,28,6,1871,1877,0,0,0,,0.00,2,0,1,0,0,0,4.1,10,9,0,0,0,,0,,0,0,25,1B,gouldch01
324,Mark Grace,38,16,1988,2003,3,0,0,,9.00,1,0,1,0,0,0,1.0,1,1,1,1,0,0,0,0,0,0,4,1B,gracema01
325,Peaches Graham,26,7,1902,1912,0,0,1,.000,5.40,1,1,0,0,0,0,5.0,9,6,3,0,3,,4,1,0,0,25,C,grahape01
326,Jack Graney,22,14,1908,1922,0,0,0,,5.40,2,0,1,0,0,0,3.1,6,2,2,0,1,,0,0,0,0,16,OF-CF-RF,graneja01
327,Frank Graves,25,1,1886,1886,0,0,0,,9.00,1,0,1,0,0,0,7.0,10,10,7,0,1,,2,,0,0,32,C,gravefr01
328,Nick Green,30,8,2004,2013,0,0,0,,0.00,1,0,1,0,0,0,2.0,0,0,0,0,3,0,0,0,0,0,9,2B-SS-3B,greenni01
329,Joe Greene,35,11,1932,1948,3,0,0,,10.80,1,0,0,0,0,0,1.2,2,3,2,0,4,0,0,1,0,2,13,C,greenjo04
330,Randal Grichuk,30,12,2014,2025,0,0,0,,0.00,1,0,1,0,0,0,1.0,0,0,0,0,0,0,0,0,0,0,3,OF-RF-CF-DH,grichra01
331,John Grim,22,11,1888,1899,0,0,0,,0.00,1,0,1,0,0,0,3.1,3,3,0,0,4,,3,0,0,1,17,C-2B-1B-SS-3B-OF,grimjo01
332,Greg Gross,3336,17,1973,1989,0,0,0,,10.80,2,0,2,0,0,0,1.2,4,2,2,0,2,0,3,0,0,0,11,OF-RF-CF-1B,grossgr01
333,Wayne Gross,31,11,1976,1986,1,0,0,,0.00,1,0,1,0,0,0,2.1,2,0,0,0,1,0,0,1,0,0,11,3B-1B-DH,grosswa01
334,Luis Guillorme,25262829,7,2018,2024,0,0,0,,9.00,6,0,6,0,0,0,6.0,8,6,6,1,3,0,0,0,0,0,29,2B-3B-SS,guilllu01
335,Brandon Guyer,32,7,2011,2018,0,0,0,,0.00,1,0,1,0,0,0,1.0,0,0,0,0,0,0,0,0,0,0,3,OF-RF-CF-DH,guyerbr01
336,Jedd Gyorko,293031,8,2013,2020,0,0,0,,3.86,3,0,3,0,0,0,2.1,3,1,1,1,0,0,1,1,0,0,11,2B-3B-1B-SS,gyorkje01
337,Jim Hackett,2425,2,1902,1903,0,1,6,.143,4.69,11,9,2,8,0,1,78.2,93,54,41,0,34,,28,4,0,2,359,1B-P,hackeji01
338,Bud Hafey,26,3,1935,1939,0,0,0,,33.75,2,0,1,0,0,0,1.1,7,5,5,0,1,0,1,0,0,0,11,OF-CF-RF,hafeybu01
339,Jake Hager,29,2,2021,2022,0,0,0,,7.71,3,0,3,0,0,0,2.1,3,2,2,0,0,0,1,0,0,0,10,2B,hagerja01
340,Bill Hall,30,11,2002,2012,0,0,0,,0.00,1,0,1,0,0,0,1.0,0,0,0,0,0,0,0,0,0,0,3,3B-SS-OF-2B-CF-RF,hallbi03
341,Darick Hall,26,2,2022,2023,0,0,0,,0.00,1,0,1,0,0,0,0.1,1,0,0,0,0,0,0,0,0,0,2,DH-1B,hallda02
342,Perry Hall,2325293045,10,1921,1943,0,1,1,.500,6.66,7,3,0,0,0,0,24.1,36,23,18,1,14,,10,0,0,0,115,3B-RF-2B,hallpe01
343,Bill Hallman,29,14,1888,1903,0,0,0,,18.00,1,0,0,0,0,0,2.0,4,4,4,0,2,,0,0,0,0,12,2B-3B-SS-OF-C-1B,hallmbi01
344,Shane Halter,2830,8,1997,2004,0,0,0,,0.00,2,0,1,0,0,0,1.0,1,0,0,0,1,0,0,0,0,0,4,SS-3B-2B-OF-1B-RF-CF-DH,haltesh01
345,Eppie Hamilton,2428,7,1924,1937,0,0,3,.000,5.25,3,2,1,1,0,0,12.0,13,14,7,0,6,,3,1,0,0,63,C,hamilep01
346,Jeff Hamilton,25,6,1986,1991,0,0,1,.000,5.40,1,0,1,0,0,0,1.2,2,1,1,0,1,1,2,0,0,0,8,3B,hamilje01
347,Granny Hamner,293035,17,1944,1962,3,0,2,.000,5.40,7,0,5,0,0,0,13.1,21,10,8,0,8,1,5,0,0,1,67,SS-2B-3B,hamnegr01
348,Garrett Hampson,29,8,2018,2025,0,0,0,,0.00,1,0,1,0,0,0,1.0,0,0,0,0,0,0,0,1,0,0,4,OF-CF-2B-SS-RF-3B-DH,hampsga01
349,Garry Hancock,30,6,1978,1984,0,0,0,,0.00,1,0,1,0,0,0,1.1,0,0,0,0,0,0,0,0,0,0,4,OF-RF-DH-CF-1B,hancoga01
350,Frank Hankinson,22232429,10,1878,1888,0,16,12,.571,2.50,32,28,3,28,2,1,266.2,281,154,74,1,31,,81,0,0,5,1144,3B-OF-P-2B-SS,hankifr01
351,Ian Happ,23,9,2017,2025,1,0,0,,0.00,1,0,1,0,0,0,1.0,1,0,0,0,0,0,0,0,0,0,4,OF-CF-RF-2B-3B-DH-1B,happia01
352,Larry Harlow,26,6,1975,1981,0,0,0,,67.50,1,0,0,0,0,0,0.2,2,5,5,1,4,0,1,0,0,1,8,OF-CF-RF,harlola01
353,Lenny Harris,33,18,1988,2005,0,0,0,,0.00,1,0,1,0,0,0,1.0,0,0,0,0,0,0,1,0,0,0,3,3B-OF-2B-RF-1B-SS-DH,harrile01
354,Josh Harrison,253435,13,2011,2023,2,0,0,,19.80,6,0,6,0,0,0,5.0,17,11,11,1,4,0,2,0,0,0,34,2B-3B-OF-RF-SS-DH,harrijo05
355,Mickey Hatcher,34,12,1979,1990,0,0,0,,9.00,1,0,1,0,0,0,1.0,0,1,1,0,3,0,0,1,1,0,6,OF-1B-DH-RF-3B-CF,hatchmi01
356,Gil Hatfield,343536,8,1885,1895,0,3,5,.375,5.56,13,5,8,5,0,1,77.2,90,79,48,4,43,,34,2,0,8,366,SS-3B-P,hatfigi01
357,John Hatfield,26,6,1871,1876,0,0,1,.000,2.25,3,0,3,0,0,0,8.0,11,6,2,0,0,,0,,0,0,35,OF-2B-3B,hatfijo01
358,Lemuel Hawkins,27,8,1921,1928,0,0,0,,1.80,1,0,0,0,0,0,5.0,5,1,1,0,1,,1,0,0,0,22,1B-CF-2B,hawkile01
359,Johnny Hayes,26,12,1934,1948,2,0,0,,0.00,1,0,,0,0,0,1.2,1,0,0,0,0,,1,0,,0,6,C,hayesjo01
360,Austin Hedges,303132,11,2015,2025,0,0,0,,4.05,6,0,6,0,0,0,6.2,7,3,3,1,2,0,2,1,0,0,28,C,hedgeau01
361,Danny Heep,3032,13,1979,1991,0,0,0,,9.00,2,0,2,0,0,0,3.0,6,3,3,1,0,0,0,0,0,1,15,OF-RF-1B-CF-DH,heepda01
362,Emmet Heidrick,25,8,1898,1908,0,0,0,,0.00,1,0,0,0,0,0,1.0,0,0,0,0,0,,0,0,0,0,3,OF-CF,heidrem01
363,Frank Heifer,21,1,1875,1875,0,0,0,,15.43,2,0,1,0,0,1,2.1,6,4,4,0,0,,0,,0,0,13,,heifefr01
364,Tyler Heineman,2933,6,2019,2025,0,0,0,,0.00,2,0,2,0,0,0,2.0,2,0,0,0,0,0,0,0,0,0,7,C,heinety01
365,Elrod Hendricks,37,12,1968,1979,0,0,0,,0.00,1,0,0,0,0,0,2.1,1,0,0,0,1,0,0,0,0,0,9,C,hendrel01
366,David Hensley,28,3,2022,2024,0,0,0,,9.00,1,0,1,0,0,0,2.0,2,2,2,0,1,0,0,1,0,0,10,DH-OF-2B-RF,henslda01
367,Enrique Hernández,263233,12,2014,2025,0,0,1,.000,6.00,8,0,8,0,0,0,9.0,12,7,6,1,4,0,0,0,0,1,44,OF-CF-2B-SS-3B-RF-1B,hernaen02
368,Yonny Hernández,25,3,2021,2023,0,0,0,,0.00,1,0,1,0,0,0,1.0,1,0,0,0,0,0,0,0,0,0,4,3B-2B,hernayo02
369,José Herrera,2628,4,2022,2025,0,0,0,,6.00,3,0,3,0,0,0,3.0,6,2,2,0,0,0,0,0,0,0,15,C,herrejo04
370,Mike Herrera,28,5,1920,1928,0,0,1,.000,108.00,1,1,,0,0,0,0.1,5,4,4,0,0,,1,0,,0,6,3B-2B,herremi01
371,Lefty Herring,19,2,1899,1904,0,0,0,,0.00,2,0,1,0,0,0,2.0,0,0,0,0,2,,0,0,0,0,8,1B,herrile01
372,Charlie Hickman,212223252631,12,1897,1908,0,10,8,.556,4.28,30,22,8,15,3,4,185.0,175,105,88,4,94,,37,12,0,4,810,1B-OF-RF-2B-3B-P-SS,hickmch01
373,Jim Hickman,30,13,1962,1974,1,0,0,,4.50,1,0,1,0,0,0,2.0,2,1,1,1,0,0,0,0,0,0,7,OF-RF-CF-1B-3B,hickmji02
374,Aaron Hicks,34,12,2013,2024,0,0,0,,18.00,1,0,1,0,0,0,1.0,2,2,2,1,1,0,0,0,0,0,6,OF-CF-RF-DH,hicksaa01
375,Donnie Hill,29,9,1983,1992,0,0,0,,0.00,1,0,1,0,0,0,1.0,0,0,0,0,1,0,1,0,0,0,4,2B-SS-3B-DH,hilldo01
376,Pete Hill HOF,38,5,1920,1925,0,0,0,,0.00,1,0,,0,0,0,0.1,0,0,0,0,0,,0,0,,0,1,CF-RF-1B,hillpe99
377,Paul Hines,29,20,1872,1891,0,0,0,,0.00,1,0,0,0,0,0,1.0,3,1,0,0,0,,0,,0,1,6,OF-1B-2B-3B-SS,hinespa01
378,Myril Hoag,3137,13,1931,1945,1,0,0,,0.00,3,0,2,0,0,0,4.0,3,0,0,0,1,0,0,0,0,0,15,OF-RF-CF,hoagmy01
379,Art Hoelskoetter,222324,4,1905,1908,0,1,5,.167,4.54,15,4,11,3,0,0,75.1,68,59,38,2,49,,32,3,0,0,322,2B-3B-C-1B-OF-SS-P-RF,hoelsar01
380,Danny Hoffman,23,9,1903,1911,0,0,0,,3.00,1,0,1,0,0,0,3.0,2,1,1,0,2,,0,0,0,0,13,OF-CF-RF,hoffmda01
381,Bryan Holaday,2830313233,10,2012,2021,0,0,0,,7.20,6,0,6,0,0,0,5.0,7,4,4,2,1,0,1,1,0,1,23,C-DH,holadbr01
382,Walter Holke,30,11,1914,1925,0,0,0,,0.00,1,0,1,0,0,0,0.1,1,0,0,0,0,,0,0,0,0,2,1B,holkewa01
383,Bug Holliday,2529,10,1889,1898,0,0,0,,9.00,2,0,2,0,0,0,5.0,17,8,5,0,3,,0,1,0,1,36,OF-1B,hollibu01
384,Ducky Holmes,2627,10,1895,1905,0,1,1,.500,6.58,4,2,2,1,0,0,26.0,42,34,19,1,12,,3,1,0,3,130,OF-RF-SS-3B,holmedu01
385,Brock Holt,3233,10,2012,2021,1,0,0,,7.71,3,0,3,0,0,0,2.1,6,2,2,1,0,0,0,0,0,0,13,2B-3B-OF-RF-SS-1B-DH-CF,holtbr01
386,Tyler Holt,27,3,2014,2016,0,0,0,,0.00,1,0,1,0,0,0,1.0,0,0,0,0,0,0,0,0,0,0,3,OF-RF-CF,holtty01
387,Harry Hooper HOF,25,17,1909,1925,0,0,0,,0.00,1,0,0,0,0,0,2.0,2,0,0,0,1,,0,0,0,0,7,OF-RF-CF,hoopeha01
388,Joe Hornung,23,12,1879,1890,0,0,0,,6.00,1,0,1,0,0,0,3.0,2,2,2,0,1,,0,,0,1,13,OF-1B,hornujo01
389,Charlie Householder,28,1,1884,1884,0,0,0,,3.00,2,0,2,0,0,0,3.0,4,3,1,0,0,,3,,0,0,13,3B-OF,housech01
390,David Howard,27,9,1991,1999,0,0,0,,4.50,1,0,1,0,0,0,2.0,2,1,1,0,5,0,0,0,0,0,12,SS-2B-OF-3B-RF-CF-1B-DH,howarda02
391,Del Howard,27,5,1905,1909,0,0,0,,0.00,1,0,1,0,0,0,6.0,4,7,0,1,1,,0,1,0,0,22,OF-1B-RF-2B-CF-SS,howarde01
392,Jared Hoying,27,3,2016,2021,0,0,0,,9.00,1,0,1,0,0,0,1.0,1,1,1,1,0,0,0,0,0,0,4,OF-RF-CF,hoyinja01
393,Bill Hughes,25,2,1884,1885,0,0,2,.000,4.86,2,2,0,2,0,0,16.2,18,17,9,0,10,,4,2,0,4,79,,hughebi01
394,Sammy Hughes,26,13,1930,1946,6,0,0,,5.40,1,0,1,0,0,0,1.2,2,1,1,0,1,0,0,0,0,0,8,2B-1B,hughesa01
395,Tom Hutton,34,12,1966,1981,0,0,0,,27.00,1,0,1,0,0,0,1.0,3,3,3,1,1,0,1,0,0,0,7,1B-OF-RF,huttoto01
396,Pat Hynes,1920,2,1903,1904,0,1,1,.500,5.66,6,3,3,2,0,0,35.0,45,27,22,1,13,,7,0,0,0,156,RF-OF,hynespa01
397,Joe Inglett,32,6,2006,2011,0,0,0,,0.00,1,0,1,0,0,0,1.0,0,0,0,0,0,0,0,0,0,0,3,2B-OF-RF,inglejo01
398,Dane Iorg,36,10,1977,1986,0,0,0,,12.00,2,0,2,0,0,0,3.0,5,4,4,2,1,0,2,0,0,0,15,OF-RF-1B-3B,iorgda01
399,Arthur Irwin,2631,13,1880,1894,0,0,0,,2.25,2,0,1,0,0,0,4.0,6,3,1,0,1,,0,0,0,0,19,SS-3B,irwinar01
400,Frank Isbell,2225263031,10,1898,1909,0,4,7,.364,3.46,17,9,7,7,0,1,88.1,92,57,34,0,43,,19,7,1,5,395,1B-2B-OF-RF-3B-CF-P-SS,isbelfr01
401,Darrin Jackson,27,12,1985,1999,0,0,0,,9.00,1,0,1,0,0,0,2.0,3,2,2,0,2,0,0,0,0,0,10,OF-CF-RF,jacksda03
402,Charlie Jamieson,2324252629,18,1915,1932,0,2,1,.667,6.19,13,3,8,1,0,0,48.0,55,41,33,0,30,,7,2,1,2,226,OF-RF-CF-P,jamiech01
403,Paul Janish,26,9,2008,2017,0,0,0,,49.50,2,0,2,0,0,0,2.0,9,11,11,2,2,0,3,0,0,0,17,SS-3B-2B,janispa01
404,Jon Jay,32,12,2010,2021,0,0,0,,0.00,1,0,1,0,0,0,1.0,1,0,0,0,0,0,0,0,0,0,4,OF-CF-RF-DH,jayjo02
405,Tex Jeanes,2126,5,1921,1927,0,0,0,,9.00,2,0,1,0,0,0,1.0,2,1,1,0,3,,0,0,0,1,8,OF-CF,jeanete01
406,Harry Jeffries,,15,1920,1944,0,0,0,,5.40,1,0,,0,0,0,1.2,2,1,1,0,0,,1,0,,0,7,3B-C-CF-RF-SS-2B,jeffrha01
407,D'Angelo Jimenez,24,8,1999,2007,0,0,0,,0.00,1,0,1,0,0,0,1.1,0,0,0,0,0,0,0,0,0,0,4,2B-SS-3B,jimend'01
408,Heavy Johnson,33,11,1920,1932,0,0,0,,0.00,1,0,,0,0,0,3.0,3,0,0,0,0,,2,0,,0,10,RF-C-1B-CF,johnshe01
409,Judy Johnson HOF,26,11,1923,1936,2,0,0,,2.08,1,0,,0,0,0,4.1,6,2,1,0,2,,3,1,,0,21,3B-SS,johnsju99
410,Rob Johnson,2930,7,2007,2013,0,0,0,,0.00,2,0,2,0,0,0,1.1,0,0,0,0,0,0,2,0,0,0,4,C,johnsro07
411,Tracey Johnson,,1,1938,1938,0,0,1,.000,7.36,1,1,0,0,0,0,7.1,8,7,6,0,3,,1,0,,1,34,,johnstr01
412,Charley Jones,35,12,1875,1888,0,0,0,,3.00,2,0,1,0,0,0,3.0,2,2,1,0,4,,0,0,0,0,11,OF-1B,jonesch01
413,Garrett Jones,34,8,2007,2015,0,0,0,,0.00,1,0,1,0,0,0,0.2,0,0,0,0,1,0,0,1,0,0,4,1B-OF-RF-DH,jonesga02
414,Jim Jones,2024,3,1897,1902,0,0,1,.000,15.43,2,1,1,1,0,0,11.2,25,28,20,1,7,,3,2,0,1,67,OF-RF,jonesji01
415,Ruben Jones,31,8,1924,1940,0,0,0,,5.40,1,0,,0,0,0,5.0,5,3,3,,3,,1,0,,0,23,RF-CF,jonesru02
416,Tim Jones,27,6,1988,1993,0,0,0,,6.75,1,0,1,0,0,0,1.1,1,2,1,0,2,0,0,0,0,0,8,SS-2B-3B,jonesti02
417,Caleb Joseph,33,7,2014,2020,0,0,0,,0.00,2,0,2,0,0,0,1.1,0,0,0,0,0,0,0,0,0,0,4,C,josepca01
418,Eli Juran,23,2,1926,1932,0,0,1,.000,5.54,2,2,,1,0,0,13.0,16,11,8,1,9,,6,0,,0,62,1B,juranel01
419,Jim Keenan,282930,11,1875,1891,0,0,1,.000,2.37,4,0,4,0,0,0,19.0,17,8,5,0,4,,2,0,0,1,76,C-1B-OF-3B,keenaji01
420,Carson Kelly,252728,10,2016,2025,0,0,0,,7.56,8,0,7,0,0,0,8.1,19,7,7,2,3,0,1,0,0,0,46,C-DH,kellyca02
421,Don Kelly,31,9,2007,2016,0,0,0,,0.00,1,0,1,0,0,0,0.1,0,0,0,0,0,0,0,0,0,0,1,OF-3B-RF-1B-CF-DH,kellydo01
422,George Kelly HOF,21,16,1915,1932,0,1,0,1.000,0.00,1,0,1,0,0,0,5.0,4,0,0,0,1,,2,0,0,0,20,1B-2B-OF-RF-CF,kellyge01
423,King Kelly HOF,22252629323334,16,1878,1893,0,2,2,.500,4.14,12,0,9,0,0,0,45.2,63,49,21,5,30,,4,4,0,8,236,OF-C-3B-SS-2B-1B-P,kellyki01
424,Grae Kessinger,26,2,2023,2024,0,0,0,,0.00,1,0,1,0,0,0,1.0,0,0,0,0,0,0,0,0,0,0,3,3B-2B-SS,kessigr01
425,John Kiley,31,2,1884,1891,0,0,1,.000,6.75,1,1,0,1,0,0,8.0,13,9,6,2,5,,1,0,0,1,42,OF,kileyjo01
426,Isiah Kiner-Falefa,2829,8,2018,2025,0,0,0,,3.00,6,0,6,0,0,0,6.0,5,2,2,0,2,0,1,0,0,0,25,SS-3B-OF-2B-C-CF,kineris01
427,Scott Kingery,24,6,2018,2025,0,0,0,,13.50,1,0,1,0,0,0,1.1,4,2,2,0,0,0,0,0,0,0,8,SS-OF-CF-2B-3B,kingesc01
428,Dave Kingman,24,16,1971,1986,3,0,0,,9.00,2,0,2,0,0,0,4.0,3,4,4,0,6,0,4,0,0,2,21,OF-1B-DH-3B-RF,kingmda01
429,Ian Kinsler,37,14,2006,2019,4,0,0,,0.00,1,0,1,0,0,0,1.0,1,0,0,0,2,0,0,1,0,0,6,2B-DH,kinslia01
430,LaRue Kirby,2225,3,1912,1915,0,1,0,1.000,5.50,4,1,3,1,0,0,18.0,20,12,11,2,8,,9,1,0,1,80,OF-CF,kirbyla01
431,Malachi Kittridge,26,16,1890,1906,0,0,0,,5.40,1,0,1,0,0,0,1.2,2,2,1,0,1,,0,0,0,0,8,C,kittrma01
432,Bobby Kline,26,1,1955,1955,0,0,0,,27.00,1,0,1,0,0,0,1.0,4,3,3,1,1,0,0,0,0,0,8,SS,klinebo02
433,Andrew Knapp,29,7,2017,2024,0,0,0,,0.00,1,0,1,0,0,0,0.1,0,0,0,0,0,0,0,0,0,0,1,C-1B,knappan01
434,Joe Knight,24,2,1884,1890,0,2,4,.333,5.47,6,6,0,6,0,0,51.0,66,53,31,2,21,,8,,0,2,246,OF,knighjo01
435,Lon Knight,22233132,8,1875,1885,0,16,28,.364,2.77,51,46,4,40,0,0,412.0,529,385,127,1,56,,31,1,0,36,1893,OF-P-1B,knighlo01
436,Andrew Knizner,2729,7,2019,2025,0,0,0,,0.00,3,0,3,0,0,0,3.2,2,0,0,0,2,0,0,0,0,0,14,C,kniznan01
437,Mark Koenig,2526,12,1925,1936,0,0,1,.000,8.44,5,1,3,0,0,0,16.0,18,15,15,0,19,0,9,1,0,3,80,SS-3B-2B,koenima01
438,Ed Konetchy,242732,15,1907,1921,0,1,1,.500,4.32,3,1,1,1,0,0,16.2,19,10,8,0,7,,6,0,0,0,74,1B,koneted01
439,Christian Koss,27,1,2025,2025,0,0,0,,0.00,1,0,1,0,0,0,1.0,1,0,0,0,0,0,0,0,0,0,4,2B,kossch01
440,Erik Kratz,363840,11,2010,2020,0,0,0,,5.14,7,0,7,0,0,0,7.0,10,6,4,2,1,0,3,1,0,2,32,C,kratzer01
441,Red Kress,3041,14,1927,1946,0,0,0,,12.54,4,0,3,0,0,0,9.1,13,14,13,1,6,0,6,1,0,0,48,SS-3B-1B-OF-RF-2B,kressre01
442,Jeff Kunkel,2627,8,1984,1992,0,0,0,,13.50,2,0,2,0,0,0,2.2,4,4,4,1,3,0,1,0,0,0,15,SS-2B-OF-3B-CF-DH,kunkeje01
443,Craig Kusick,30,7,1973,1979,0,0,0,,4.91,1,0,1,0,0,0,3.2,3,2,2,1,0,0,0,0,0,0,14,1B-DH-OF,kusiccr01
444,Tommy La Stella,29,10,2014,2023,1,0,0,,6.75,1,0,0,0,0,0,1.1,3,1,1,1,0,0,0,0,0,0,6,2B-3B-DH-1B,lasteto01
445,Tyler Ladendorf,28,3,2015,2021,0,0,0,,0.00,1,0,1,0,0,0,1.0,1,0,0,0,1,0,0,0,0,0,5,2B,ladenty01
446,Eddie Lake,28,11,1939,1950,0,0,0,,4.19,6,0,5,0,0,0,19.1,20,13,9,2,11,0,7,3,0,1,87,SS-2B-3B,lakeed01
447,Al Lakeman,29,9,1942,1954,0,0,0,,13.50,1,0,1,0,0,0,0.2,1,1,1,1,0,0,0,0,0,0,3,C-1B,lakemal01
448,Tim Laker,3134,11,1992,2006,0,0,0,,0.00,2,0,2,0,0,0,2.0,2,0,0,0,2,0,1,0,0,0,9,C,lakerti01
449,Ryan LaMarre,2729,6,2015,2021,0,0,0,,5.40,2,0,2,0,0,0,1.2,3,1,1,1,0,0,0,0,0,0,8,OF-CF-RF,lamarry01
450,Jake Lamb,32,10,2014,2023,1,0,0,,0.00,1,0,1,0,0,0,1.0,1,0,0,0,0,0,0,0,0,0,4,3B-1B-OF-DH-RF,lambja01
451,Isaac Lane,3132,3,1920,1922,0,1,4,.200,6.94,22,7,,1,0,1,84.1,106,77,65,4,31,,22,1,,0,382,3B-P-RF,laneis01
452,Jason Lane,37,7,2002,2014,0,0,1,.000,0.87,3,1,0,0,0,0,10.1,7,1,1,1,0,0,6,0,0,0,39,OF-RF-CF,laneja01
453,Adam LaRoche,35,12,2004,2015,0,0,0,,0.00,1,0,1,0,0,0,1.0,0,0,0,0,0,0,1,0,0,0,3,1B-DH,larocad01
454,Chuck Lauer,19,3,1884,1890,0,0,2,.000,7.58,3,3,0,2,0,0,19.0,23,25,16,0,9,,8,3,0,7,95,OF,lauerch01
455,Milt Laurent,272829,4,1929,1932,0,1,0,1.000,7.11,5,1,0,1,0,0,19.0,24,15,15,0,6,,2,1,,0,35,2B-RF-3B-CF-SS,lauremi01
456,Vance Law,293034,11,1980,1991,1,0,0,,3.38,7,0,7,0,0,0,8.0,9,4,3,0,3,0,2,0,0,2,35,3B-2B-SS-1B-OF,lawva01
457,Rick Leach,27,10,1981,1990,0,0,0,,27.00,1,0,1,0,0,0,1.0,2,3,3,1,2,0,0,0,0,0,7,OF-1B-RF-DH,leachri01
458,Jack Leary,22232426,5,1880,1884,0,3,9,.250,4.56,14,12,2,8,0,0,94.2,123,99,48,1,20,,23,,0,8,429,SS-OF-3B-P,learyja01
459,Hank Leiber,31,10,1933,1942,3,0,1,.000,6.00,1,1,0,1,0,0,9.0,9,9,6,0,5,0,5,1,0,0,42,OF-CF-RF-1B,leibeha01
460,Sandy León,323334,12,2012,2023,0,0,0,,7.00,8,0,8,0,0,0,9.0,8,7,7,4,1,0,2,1,0,0,37,C,leonsa01
461,Josh Lester,28,2,2022,2023,0,0,0,,0.00,1,0,1,0,0,0,1.0,1,0,0,0,1,0,1,0,0,0,5,,lestejo02
462,Duffy Lewis,25,11,1910,1921,0,0,0,,18.00,1,0,1,0,0,0,1.0,3,2,2,0,0,,1,0,0,0,6,OF-CF,lewisdu01
463,Milton Lewis,,4,1924,1928,0,0,0,,0.00,1,0,1,0,0,0,5.0,1,0,0,0,1,,1,2,,0,18,2B-1B,lewismi01
464,Al Libke,2627,2,1945,1946,0,0,0,,1.93,5,1,4,0,0,0,9.1,7,2,2,0,6,0,4,0,0,2,38,OF-RF,libkeal01
465,Jim Lillie,212224,4,1883,1886,0,0,2,.000,4.65,6,1,6,0,0,0,31.0,46,41,16,0,8,,8,,0,3,152,OF,lilliji01
466,Tzu-Wei Lin,26,5,2017,2021,0,0,0,,27.00,1,0,1,0,0,0,1.0,4,3,3,1,0,0,0,0,0,0,7,SS-2B-OF-3B,lintz02
467,Johnny Lindell,2536,12,1941,1954,1,8,18,.308,4.47,55,28,19,15,1,1,251.2,247,147,125,20,161,8,146,7,1,12,1141,OF-CF-RF-P-1B,lindejo01
468,Clarence Lindsay,252731,6,1923,1929,0,0,0,,7.52,5,1,2,0,0,0,20.1,31,25,17,0,7,,4,0,,2,97,SS-3B,lindscl01
469,Gerard Lipscomb,26,1,1937,1937,0,0,0,,6.52,3,0,3,0,0,0,9.2,13,9,7,3,5,0,1,0,0,0,45,2B,lipscni01
470,Greg Litton,26,6,1989,1994,0,0,0,,9.00,1,0,1,0,0,0,1.0,1,1,1,0,3,0,0,0,0,0,7,2B-OF-3B-RF-1B-SS-DH,littogr01
471,Harry Lochhead,23,2,1899,1901,0,0,0,,0.00,1,0,1,0,0,0,3.2,4,2,0,0,2,,0,0,0,0,16,SS,lochhha01
472,Nick Loftin,25,3,2023,2025,0,0,0,,0.00,1,0,1,0,0,0,1.0,1,0,0,0,0,0,0,0,0,0,3,2B-3B-1B-OF,loftini01
473,Tim Lopes,26,3,2019,2021,0,0,0,,18.00,1,0,1,0,0,0,1.0,2,2,2,0,1,0,0,0,0,0,6,OF-DH-RF,lopesti01
474,Alejo López,26,3,2021,2023,0,0,0,,6.75,3,0,3,0,0,0,2.2,2,2,2,2,0,0,0,0,0,0,10,2B-3B,lopezal03
475,Felipe López,30,11,2001,2011,1,0,0,,0.00,1,0,0,0,0,0,1.0,1,0,0,0,1,0,0,0,0,0,4,SS-2B-3B-OF,lopezfe01
476,Nicky Lopez,272830,7,2019,2025,0,0,0,,9.82,4,0,4,0,0,0,3.2,7,4,4,3,3,0,0,0,0,0,21,2B-SS-3B,lopezni01
477,Bris Lord,23,8,1905,1913,0,0,0,,9.00,1,0,1,0,0,0,1.0,3,2,1,0,0,,0,0,0,0,6,OF-RF-CF,lordbr01
478,Mark Loretta,2937,15,1995,2009,2,0,0,,0.00,2,0,2,0,0,0,1.1,1,0,0,0,1,0,2,1,0,0,7,2B-SS-3B-1B-DH,loretma01
479,Lou Louden,21,8,1941,1948,5,0,1,.000,10.38,1,1,0,0,0,0,4.1,5,6,5,0,2,0,5,0,0,0,20,C,loudelo01
480,Len Lovett,20,2,1873,1875,0,0,1,.000,7.00,1,1,0,1,0,0,9.0,22,16,7,0,1,,1,,0,0,56,,lovetle01
481,Bobby Lowe,25,18,1890,1907,0,0,0,,9.00,1,0,1,0,0,0,1.0,3,1,1,0,1,,0,0,0,0,7,2B-OF-3B-SS,lowebo01
482,Harry Luff,22,4,1875,1884,0,1,6,.143,3.28,10,7,2,5,0,0,68.2,98,91,25,2,3,,5,,2,5,335,3B-1B-OF-P,luffhe01
483,Dick Lundy,29,12,1923,1937,2,0,0,,0.00,1,0,,0,0,0,0.2,2,1,0,0,0,,0,0,,0,4,SS-2B,lundydi01
484,Jordan Luplow,2729,7,2017,2023,0,0,1,.000,11.57,3,0,3,0,0,0,2.1,3,4,3,2,0,0,0,1,0,1,11,OF-RF-CF-1B-DH,luplojo01
485,Granville Lyons,242628,7,1932,1942,0,1,3,.250,7.33,6,2,1,1,0,0,23.1,31,25,19,3,12,1,3,0,0,0,117,1B,lyonsgr01
486,Harry Lyons,24,6,1887,1893,0,0,0,,12.27,1,0,0,0,0,0,3.2,8,7,5,0,1,,2,0,0,2,20,OF,lyonsha01
487,Steve Lyons,3031,9,1985,1993,0,0,0,,3.00,2,0,2,0,0,0,3.0,4,1,1,0,4,0,2,0,0,0,17,OF-CF-3B-2B-1B-RF-DH,lyonsst01
488,John Mabry,2930,14,1994,2007,0,0,0,,63.00,2,0,1,0,0,0,1.0,6,7,7,0,4,0,0,0,0,0,13,OF-1B-RF-3B-DH-CF,mabryjo01
489,Willie MacIver,28,1,2025,2025,0,0,0,,0.00,1,0,1,0,0,0,1.0,3,0,0,0,0,0,0,0,0,0,6,,macivwi01
490,Denny Mack,21,8,1871,1883,0,0,1,.000,3.46,3,1,1,1,0,0,13.0,20,30,5,0,3,,1,,0,1,70,1B-SS-2B-OF,mackde01
491,Biz Mackey HOF,22234348,22,1920,1947,5,0,4,.000,7.52,7,3,1,1,0,0,20.1,28,20,17,2,7,0,16,2,0,0,99,C-SS-1B-3B-2B-RF,mackebi99
492,Jimmy Macullar,3031,6,1879,1886,0,0,0,,6.00,2,0,2,0,0,0,3.0,4,3,2,0,0,,1,0,0,0,13,SS-OF,maculji01
493,Bligh Madris,27,3,2022,2024,0,0,0,,9.00,1,0,1,0,0,0,1.0,1,1,1,1,1,0,0,0,0,0,4,1B-OF-RF,madribl01
494,Art Mahan,27,1,1940,1940,0,0,0,,0.00,1,0,1,0,0,0,1.0,1,0,0,0,0,0,0,0,0,0,3,1B,mahanar01
495,Mitch Maier,2930,6,2006,2012,0,0,0,,0.00,2,0,2,0,0,0,2.0,2,0,0,0,0,0,0,0,0,0,7,OF-CF-RF-DH,maiermi01
496,Luke Maile,28303233,10,2015,2025,0,0,0,,12.27,10,0,10,0,0,0,11.0,21,15,15,6,0,0,3,1,0,0,56,C-P,mailelu01
497,Dave Malarcher,39,13,1920,1934,0,0,0,,0.00,1,0,,0,0,0,2.0,1,0,0,0,1,,1,0,,0,8,3B-2B-SS,malarda01
498,Martín Maldonado,2736,15,2011,2025,0,0,0,,18.00,2,0,2,0,0,0,2.0,6,4,4,1,1,0,0,1,0,0,14,C-1B,maldoma01
499,Jack Manning,2021222324,12,1873,1886,0,39,27,.591,2.79,96,63,28,41,1,12,573.1,694,477,178,6,70,,78,,0,48,2646,OF-P-1B-SS-2B,mannija01
500,Tom Mansell,28,3,1879,1884,0,0,0,,16.20,1,0,1,0,0,0,6.2,21,18,12,2,5,,3,,0,1,43,OF,manseto01
501,Andy Marte,26,7,2005,2014,0,0,0,,0.00,1,0,1,0,0,0,1.0,0,0,0,0,0,0,1,0,0,0,3,3B-1B,martean01
502,Leonys Martín,29,9,2011,2019,0,0,0,,27.00,1,0,1,0,0,0,0.2,3,2,2,1,0,0,0,0,0,0,5,OF-CF-RF,martile01
503,Pepper Martin,3032,13,1928,1944,4,0,0,,2.25,2,0,1,0,0,0,4.0,2,1,1,0,2,0,0,0,0,0,13,OF-3B-CF-RF,martipe01
504,Russell Martin,36,14,2006,2019,4,0,0,,0.00,4,0,4,0,0,0,4.0,2,0,0,0,0,0,2,0,0,0,13,C-3B-DH,martiru01
505,Stack Martin,262729,4,1925,1928,0,0,6,.000,7.75,6,5,0,3,0,0,38.1,44,38,33,1,29,,9,0,0,2,184,1B-C-3B-RF-2B,martist02
506,Buck Martinez,30,17,1969,1986,0,0,0,,9.00,1,0,1,0,0,0,1.0,1,1,1,0,1,0,0,0,0,0,5,C,martibu01
507,Dave Martinez,2530,16,1986,2001,0,0,0,,13.50,2,0,1,0,0,0,1.1,2,2,2,0,4,0,0,0,0,0,10,OF-CF-RF-1B,martida01
508,Marty Martínez,27,7,1962,1972,0,0,0,,13.50,1,0,1,0,0,0,0.2,1,1,1,1,0,0,0,0,0,0,3,SS-3B-2B-C-OF,martima01
509,Michael Martínez,34,7,2011,2017,0,0,0,,0.00,1,0,1,0,0,0,1.0,1,0,0,0,0,0,0,0,0,0,4,OF-2B-3B-CF-SS-RF,martimi02
510,Nick Martini,29,6,2018,2025,0,0,0,,0.00,1,0,1,0,0,0,1.0,0,0,0,0,2,0,1,0,0,0,5,OF-DH-RF,martini02
511,Joe Marty,25,5,1937,1941,0,0,0,,4.50,1,0,1,0,0,0,4.0,2,2,2,0,3,0,1,0,0,0,17,OF-CF-RF,martyjo01
512,Charlie Mason,22,2,1875,1883,0,0,0,,4.50,1,0,1,0,0,0,2.0,3,2,1,0,1,,0,,0,0,11,OF,masonch01
513,Charlie Mason,3034,8,1923,1932,0,1,2,.333,9.37,4,3,0,1,0,0,16.1,25,21,17,0,15,,5,2,,0,91,RF-1B-CF,masonch02
514,Miles Mastrobuoni,27,4,2022,2025,0,0,0,,108.00,1,0,1,0,0,0,0.1,4,4,4,1,0,0,0,0,0,0,5,3B-2B-OF-RF-SS,mastrmi01
515,Jorge Mateo,30,6,2020,2025,0,0,0,,45.00,1,0,0,0,0,0,1.0,5,5,5,1,2,0,0,1,0,0,11,SS-2B-OF-CF-DH-3B-RF,mateojo01
516,Joe Mather,2729,4,2008,2012,0,0,1,.000,7.71,2,0,2,0,0,0,2.1,3,2,2,0,3,2,0,1,0,0,14,OF-CF-RF-3B-1B,mathejo02
517,Jeff Mathis,293536,17,2005,2021,0,0,1,.000,9.00,5,0,5,0,0,0,5.0,8,5,5,2,1,0,2,0,0,0,24,C-DH,mathije01
518,Wyatt Mathisen,27,2,2020,2021,0,0,0,,0.00,1,0,1,0,0,0,1.0,1,0,0,0,0,0,0,0,0,0,4,1B-3B,mathiwy01
519,Nick Maton,2425,5,2021,2025,0,0,0,,16.20,3,0,3,0,0,0,1.2,4,3,3,0,0,0,1,0,0,0,9,2B-3B-DH-SS-OF-RF,matonni01
520,Sam Mayer,22,1,1915,1915,0,0,0,,,1,0,0,0,0,0,0.0,0,0,0,0,2,,0,0,0,0,2,,mayersa01
521,Jack Mayfield,3031,4,2019,2022,0,0,0,,0.00,2,0,2,0,0,0,1.1,1,0,0,0,0,0,0,0,0,0,5,3B-SS-2B,mayfija01
522,Brent Mayne,32,15,1990,2004,0,1,0,1.000,0.00,1,0,1,0,0,0,1.0,1,0,0,0,1,0,0,0,0,1,5,C,maynebr01
523,Jimmy McAleer,36,13,1889,1907,0,0,0,,0.00,1,0,1,0,0,0,0.1,2,3,0,0,3,,0,0,0,3,6,OF,mcaleji01
524,Jack McAleese,22,2,1901,1909,0,0,0,,9.00,1,0,1,0,0,0,3.0,7,3,3,0,1,,1,0,0,0,17,OF-CF-RF,mcaleja01
525,Sport McAllister,21222324,7,1896,1903,0,4,7,.364,5.32,17,11,5,10,0,0,113.1,140,88,67,5,44,,21,7,0,3,515,OF-C-1B-SS-3B-P-RF,mcallsp01
526,Wickey McAvoy,23,6,1913,1919,0,0,0,,13.50,1,0,1,0,0,0,0.2,1,1,1,1,0,,0,0,0,0,2,C,mcavowi01
527,Fred McBride,35,2,1931,1940,0,0,0,,7.71,1,0,0,0,0,0,2.1,3,2,2,0,2,0,1,0,0,0,12,1B,mcbrifr01
528,James McCann,3334,11,2014,2024,1,0,0,,9.00,2,0,2,0,0,0,2.0,4,2,2,1,0,0,0,0,0,0,10,C-DH-1B,mccanja02
529,Johnny McCarthy,29,11,1934,1948,0,0,0,,7.20,1,0,1,0,0,0,5.0,8,4,4,1,2,0,0,0,0,0,24,1B,mccarjo03
530,Tommy McCarthy HOF,202224252730,13,1884,1896,0,0,8,.000,4.99,13,7,7,5,0,0,70.1,85,65,39,3,26,,21,0,0,12,328,OF-2B-3B-SS-P,mccarto01
531,Dave McCarty,34,11,1993,2005,0,0,0,,2.45,3,0,2,0,0,0,3.2,2,1,1,0,1,0,4,0,0,1,14,1B-OF-RF-DH,mccarda01
532,Al McCauley,21,3,1884,1891,0,2,7,.222,5.09,10,9,1,9,0,0,76.0,87,74,43,2,25,,34,0,0,8,358,1B-P,mccaual01
533,Jerry McCormick,22,2,1883,1884,0,0,0,,9.00,1,0,1,0,0,0,2.0,5,4,2,1,0,,3,,0,0,11,3B,mccorje01
534,Frank McCoy,23,5,1929,1943,0,0,1,.000,4.50,2,1,0,0,0,0,10.0,10,6,5,0,4,,6,0,,0,42,C,mccoyfr01
535,Mike McCoy,30,4,2009,2012,0,0,0,,0.00,1,0,1,0,0,0,1.0,0,0,0,0,0,0,0,0,0,0,3,OF-SS-2B-3B-CF-RF,mccoymi01
536,Tom McCreery,202125,9,1895,1903,0,3,2,.600,6.32,10,5,5,3,1,1,52.2,58,54,37,3,44,,14,5,0,4,260,OF-1B-CF-RF-SS-2B-P,mccreto01
537,Darnell McDonald,3233,7,2004,2013,0,0,1,.000,22.50,2,0,2,0,0,0,2.0,3,5,5,1,4,0,0,0,0,0,12,OF-RF-CF-DH,mcdonda02
538,John McDonald,38,16,1999,2014,0,0,0,,0.00,1,0,1,0,0,0,0.1,2,0,0,0,0,0,1,0,0,0,3,SS-2B-3B-DH,mcdonjo03
539,Jack McGeachey,232425,6,1886,1891,0,0,1,.000,10.13,5,0,3,0,0,0,16.0,25,31,18,5,13,,6,0,0,2,92,OF,mcgeaja01
540,Deacon McGuire,26,26,1884,1912,0,0,0,,6.75,1,0,1,0,0,0,4.0,10,5,3,0,1,,1,0,0,1,23,C-1B-OF,mcguide01
541,Reese McGuire,27,8,2018,2025,0,0,0,,0.00,1,0,1,0,0,0,1.0,0,0,0,0,0,0,0,0,0,0,3,C,mcguire01
542,Irish McIlveen,25,3,1906,1909,0,0,1,.000,7.71,2,1,1,0,0,0,7.0,10,6,6,1,2,,3,0,0,0,30,OF-RF,mcilvir01
543,Cody McKay,30,2,2002,2004,0,0,0,,0.00,1,0,1,0,0,0,2.0,0,0,0,0,1,0,0,0,0,0,7,C,mckayco01
544,Russ McKelvy,23,2,1878,1882,0,0,2,.000,2.16,4,1,3,1,0,0,25.0,38,23,6,1,3,,3,,0,3,121,OF,mckelru01
545,Ryan McKenna,2526,4,2021,2024,0,0,0,,15.43,3,0,3,0,0,0,2.1,9,4,4,0,1,0,0,0,0,0,16,OF-RF-CF-DH,mckenry01
546,Zach McKinstry,2829,6,2020,2025,0,0,0,,12.00,4,0,4,0,0,0,3.0,4,4,4,2,1,0,0,0,0,0,14,OF-3B-2B-RF-SS-DH,mckinza01
547,Barney McLaughlin,22,3,1884,1890,0,1,3,.250,5.36,7,4,3,4,0,0,48.2,62,44,29,2,15,,14,,0,5,228,SS-2B-OF,mclauba01
548,Frank McLaughlin,2627,3,1882,1884,0,0,0,,9.00,4,1,3,0,0,0,19.0,29,33,19,0,5,,4,,0,2,93,SS-2B-OF,mclaufr01
549,John McMullin,22232426,5,1871,1875,0,14,15,.483,5.43,37,31,5,30,0,1,283.1,490,405,171,4,79,,15,,0,50,1513,OF-P,mcmuljo01
550,Trick McSorley,31,4,1875,1886,0,0,0,,4.50,1,0,1,0,0,0,2.0,5,2,1,0,0,,1,0,0,0,9,1B-OF-3B,mcsortr01
551,Cal McVey,25262729,9,1871,1879,0,10,12,.455,3.83,34,19,12,12,0,5,176.1,235,141,75,3,16,,37,,0,10,813,1B-C-OF-3B-P,mcveyca01
552,Francisco Mejia,25,7,2017,2023,0,0,0,,27.00,2,0,2,0,0,0,2.0,6,6,6,1,0,0,0,2,0,0,14,C-DH,mejiafr01
553,Sam Mejías,26,6,1976,1981,0,0,0,,0.00,1,0,1,0,0,0,1.0,0,0,0,0,0,0,0,1,0,2,4,OF-RF-CF,mejiasa01
554,Babe Melton,28,3,1926,1929,0,0,0,,3.60,2,0,2,0,0,0,5.0,10,6,2,0,4,,1,0,0,0,27,CF-2B-C,meltoba01
555,Danny Mendick,272930,6,2019,2024,0,0,0,,18.00,4,0,4,0,0,0,4.0,12,8,8,2,0,0,1,1,0,0,24,2B-SS-3B-OF-DH,mendida01
556,Mario Mendoza,26,9,1974,1982,0,0,0,,13.50,1,0,1,0,0,0,2.0,3,3,3,1,2,0,0,0,0,1,10,SS-3B-2B,mendoma01
557,Frank Menechino,2933,7,1999,2005,0,0,0,,27.00,2,0,2,0,0,0,1.1,8,4,4,1,0,0,0,0,0,0,11,2B-DH-3B-SS,menecfr01
558,Yermín Mercedes,28,3,2020,2022,0,0,0,,9.00,1,0,0,0,0,0,1.0,3,1,1,0,2,0,0,0,0,0,7,DH,merceye01
559,Whit Merrifield,33,9,2016,2024,3,0,0,,18.00,1,0,1,0,0,0,1.0,2,2,2,1,0,0,0,1,0,0,6,2B-OF-RF-CF-DH-3B-1B,merriwh01
560,Sam Mertes,29,10,1896,1906,0,1,0,1.000,1.93,1,1,1,0,0,0,4.2,6,2,1,0,0,,0,0,0,0,19,OF-2B-1B-SS-CF-RF,mertesa01
561,Matt Mervis,26,3,2023,2025,0,0,0,,81.00,1,0,0,0,0,0,0.2,7,6,6,0,0,0,0,0,0,0,9,1B-DH,mervima01
562,Mexio,,1,1925,1925,0,0,0,,16.88,1,1,,0,0,0,2.2,8,5,5,,1,,0,0,,0,17,,mexio01
563,Levi Meyerle,2126,8,1871,1884,0,0,2,.000,5.21,3,2,1,2,0,0,19.0,29,24,11,0,3,,0,,0,7,90,3B-2B-OF-SS-1B,meyerle01
564,Gene Michael,30,10,1966,1975,0,0,0,,0.00,1,0,1,0,0,0,3.0,5,5,0,0,0,0,3,1,0,0,16,SS-2B-3B,michage01
565,Aaron Miles,303133,9,2003,2011,0,0,0,,3.60,5,0,5,0,0,0,5.0,5,2,2,1,0,0,0,1,0,0,20,2B-SS-3B,milesaa01
566,Brad Miller,33,11,2013,2023,0,0,0,,13.50,1,0,1,0,0,0,2.0,2,3,3,1,2,0,0,0,0,0,9,SS-2B-1B-DH-OF-3B-RF-CF,millebr02
567,Owen Miller,27,5,2021,2025,0,0,0,,18.00,1,0,1,0,0,0,2.0,5,4,4,1,1,0,0,0,0,0,12,1B-2B-3B-DH,milleow01
568,Abe Mitchell,,1,1933,1933,0,0,1,.000,10.80,1,1,,0,0,0,3.1,12,9,4,2,1,,1,0,,0,23,,mitchab01
569,Yadier Molina,39,19,2004,2022,10,0,0,,18.00,2,0,2,0,0,0,2.0,6,4,4,2,0,0,1,0,0,0,12,C-1B,molinya01
570,Miguel Montero,3233,13,2006,2018,2,0,0,,3.86,2,0,2,0,0,0,2.1,4,1,1,0,2,0,0,1,0,1,14,C-DH,montemi01
571,Dee Moore,22,4,1936,1946,0,0,0,,0.00,2,1,1,0,0,0,7.0,3,1,0,0,2,0,3,0,0,0,27,C-3B,moorede01
572,Dylan Moore,26,7,2019,2025,0,0,0,,36.00,1,0,1,0,0,0,1.0,5,4,4,0,2,0,0,0,0,0,10,OF-2B-SS-RF-3B-1B-DH-CF,mooredy01
573,Terry Moore,27,11,1935,1948,4,0,0,,0.00,1,0,1,0,0,0,1.0,0,0,0,0,0,0,1,0,0,0,4,OF-CF,moorete01
574,Tyler Moore,28,5,2012,2017,0,0,0,,0.00,1,0,1,0,0,0,0.2,0,0,0,0,0,0,0,1,0,0,3,1B-OF-RF,moorety01
575,Kendrys Morales,3536,13,2006,2019,0,0,0,,4.50,2,0,2,0,0,0,2.0,1,1,1,0,3,0,0,1,0,0,11,DH-1B-RF-OF,moralke01
576,Charlie Moran,25,2,1903,1908,0,0,1,.000,5.25,3,2,1,2,0,0,24.0,30,29,14,0,19,,7,1,0,2,121,C,moranch02
577,Mitch Moreland,283135,12,2010,2021,1,0,0,,0.00,3,0,3,0,0,0,3.0,3,0,0,0,0,0,2,0,0,0,12,1B-DH-OF-RF,morelmi01
578,Gene Moriarty,2122,3,1884,1892,0,0,2,.000,5.74,3,2,1,2,0,0,15.2,19,16,10,0,8,,5,1,0,2,79,OF,moriage01
579,John Morrill,25262728293134,15,1876,1890,0,1,2,.333,4.30,18,2,13,2,0,3,58.2,75,46,28,0,12,,22,0,0,6,261,1B-3B-2B-SS-OF-C-P,morrijo01
580,Jim Morrison,35,12,1977,1988,0,0,0,,0.00,3,0,3,0,0,0,3.2,3,0,0,0,2,0,1,0,0,0,16,3B-2B-SS-DH-OF,morriji01
581,Charlie Morton,29,3,1882,1885,0,0,1,.000,3.09,3,1,2,1,0,0,23.1,18,14,8,0,5,,7,1,0,0,92,OF-3B,mortoch01
582,John Moses,3132,11,1982,1992,0,0,0,,9.00,3,0,3,0,0,0,3.0,5,3,3,0,3,0,0,0,0,1,16,OF-CF-RF-DH-1B,mosesjo01
583,Jim Mosolf,24,4,1929,1933,0,0,0,,27.00,1,0,1,0,0,0,0.1,1,1,1,0,0,0,1,0,0,0,2,OF-RF,mosolji01
584,Dink Mothell,34,9,1920,1932,0,1,0,1.000,0.00,1,0,1,0,0,0,1.2,1,0,0,0,0,,0,0,,0,6,2B-1B-CF-3B-C-RF,mothedi01
585,Taylor Motter,2628,6,2016,2023,0,0,0,,6.75,2,0,2,0,0,0,1.1,2,1,1,1,1,0,1,1,0,0,8,SS-2B-OF-3B-1B-RF,motteta01
586,David Murphy,3133,10,2006,2015,0,0,0,,0.00,2,0,2,0,0,0,1.1,3,5,0,1,1,0,1,1,0,0,10,OF-RF-DH-CF,murphda07
587,John Ryan Murphy,2829,8,2013,2020,0,0,0,,20.25,3,0,3,0,0,0,4.0,10,9,9,3,3,0,0,0,0,0,25,C,murphjr01
588,Tom Murphy,28,9,2015,2024,0,0,0,,6.00,3,0,3,0,0,0,3.0,1,2,2,0,1,0,2,0,0,0,11,C-DH,murphto04
589,Mitchell Murray,26,12,1920,1932,0,0,1,.000,15.43,1,1,,1,0,0,7.0,18,14,12,0,5,,3,0,,0,45,C,murrami02
590,Stan Musial HOF,31,22,1941,1963,24,0,0,,,1,0,0,0,0,0,0.0,0,0,0,0,0,0,0,0,0,0,1,OF-1B-RF-CF,musiast01
591,Henry Myers,24,3,1881,1884,0,0,2,.000,6.58,6,2,2,1,0,0,26.0,30,28,19,2,4,,7,,0,0,115,SS,myershe01
592,Wil Myers,31,11,2013,2023,1,0,0,,7.36,4,0,4,0,0,0,3.2,4,3,3,3,0,0,0,1,0,0,16,OF-RF-1B-CF-3B-DH,myerswi01
593,Bill Nagel,23,3,1939,1945,0,0,0,,12.00,1,0,1,0,0,0,3.0,7,5,4,1,1,0,0,0,0,0,18,2B-1B-3B,nagelbi01
594,Billy Nash,2425,15,1884,1898,0,0,0,,0.00,2,0,2,0,0,0,1.1,1,0,0,0,1,,0,0,0,0,6,3B-2B-SS,nashbi01
595,Sheldon Neuse,27,3,2019,2022,0,0,0,,0.00,3,0,3,0,0,0,3.2,1,0,0,0,0,0,0,0,0,0,12,3B-2B-1B-DH,neusesh01
596,Jeff Newman,28,9,1976,1984,1,0,0,,0.00,1,0,1,0,0,0,1.0,1,0,0,0,0,0,0,1,0,0,5,C-1B-DH-3B,newmaje01
597,Brett Nicholas,28,2,2016,2017,0,0,0,,36.00,1,0,1,0,0,0,1.0,5,4,4,0,0,0,0,0,0,0,8,C,nichobr01
598,Tomás Nido,31,9,2017,2025,0,0,0,,0.00,1,0,1,0,0,0,1.2,0,0,0,0,0,0,0,1,0,0,6,C,nidoto01
599,Junior Noboa,25,8,1984,1994,0,0,0,,0.00,1,0,1,0,0,0,0.2,0,0,0,0,1,0,0,0,0,0,2,2B-SS-3B-OF-RF,noboaju01
600,John Nogowski,28,2,2020,2021,0,0,0,,15.00,3,0,3,0,0,0,3.0,8,5,5,0,0,0,0,0,0,0,16,1B,nogowjo01
601,Wayne Nordhagen,30,8,1976,1983,0,0,0,,9.00,2,0,2,0,0,0,2.0,2,2,2,0,1,0,2,0,0,0,8,OF-DH-RF-C,nordhwa01
602,Abraham Núñez,28,12,1997,2008,0,0,0,,0.00,1,0,1,0,0,0,0.1,0,0,0,0,0,0,0,0,0,0,1,3B-SS-2B,nunezab01
603,Eduardo Núñez,32,11,2010,2020,1,0,0,,9.00,1,0,1,0,0,0,1.0,1,1,1,1,0,0,0,0,0,0,4,3B-SS-2B-DH-OF,nunezed02
604,Billy O'Brien,24,5,1884,1890,0,1,0,1.000,1.80,2,0,2,0,0,0,10.0,8,5,2,0,3,,7,,0,1,42,1B-3B,o'bribi01
605,Darby O'Brien,23,6,1887,1892,0,0,0,,0.00,1,0,0,0,0,0,1.0,1,0,0,0,1,,0,0,0,0,4,OF-1B,o'brida01
606,Eddie O'Brien,252627,5,1953,1958,0,1,0,1.000,3.31,5,1,2,1,0,0,16.1,16,6,6,3,4,0,11,1,0,0,68,SS-OF-CF-3B,o'bried01
607,Johnny O'Brien,252627,6,1953,1959,0,1,3,.250,5.61,25,1,10,0,0,0,61.0,61,43,38,9,35,2,30,3,0,3,276,2B-P-SS,o'brijo03
608,Tom O'Brien,27,6,1882,1890,0,0,0,,7.36,1,0,0,0,0,0,3.2,4,5,3,0,5,,0,0,0,0,24,2B-1B-OF,o'brito01
609,Pat O'Connell,25,1,1886,1886,0,0,0,,6.00,1,0,1,0,0,0,3.0,4,3,2,0,2,,1,0,0,2,14,OF,o'conpa01
610,Paul O'Dea,2324,2,1944,1945,0,0,0,,5.68,4,0,2,0,0,0,6.1,9,4,4,0,8,0,0,0,1,0,35,OF-RF,o'deapa01
611,Lefty O'Doul,22232526,11,1919,1934,1,1,1,.500,4.87,34,1,27,0,0,0,77.2,104,71,42,1,49,,19,5,0,2,372,OF-RF-P,o'doule01
612,Bill O'Hara,28,2,1909,1910,0,0,0,,0.00,1,0,0,0,0,0,1.0,0,0,0,0,0,,0,0,0,0,3,OF-CF-RF,o'harbi01
613,Buck O'Neil HOF,25,10,1937,1948,3,0,0,,4.91,1,0,1,0,0,0,3.2,6,3,2,0,0,0,2,0,0,0,16,1B,oneilbu01
614,Paul O'Neill,24,17,1985,2001,5,0,0,,13.50,1,0,1,0,0,0,2.0,2,3,3,1,4,0,2,0,0,0,11,OF-RF-1B-DH-CF,o'neipa01
615,Tip O'Neill,2324,10,1883,1892,0,16,16,.500,3.39,36,33,3,29,0,0,289.0,307,224,109,8,115,,91,4,0,47,1319,OF-P,o'neiti01
616,Jim O'Rourke HOF,3233,23,1872,1904,0,0,1,.000,4.12,6,0,3,0,0,2,19.2,17,14,9,0,2,,4,,0,1,70,OF-C-1B-3B-SS,o'rouji01
617,Henry Oberbeck,26,2,1883,1884,0,0,5,.000,5.30,8,5,3,3,0,0,35.2,56,38,21,0,5,,7,,0,3,172,OF-3B,oberbhe01
618,Shohei Ohtani,2325262728,8,2018,2025,4,38,19,.667,3.01,86,86,0,1,1,0,481.2,348,169,161,53,173,2,608,24,2,42,1951,DH-P,ohtansh01
619,Augie Ojeda,32,9,2000,2010,0,0,0,,0.00,1,0,1,0,0,0,1.0,0,0,0,0,0,0,0,0,0,0,3,2B-SS-3B,ojedaau01
620,José Oquendo,232427,12,1983,1995,0,0,1,.000,12.00,3,0,3,0,0,0,6.0,10,8,8,0,9,2,2,1,0,1,37,2B-SS-OF-3B-RF-1B,oquenjo01
621,Dave Orr,25,8,1883,1890,0,0,0,,7.20,3,0,3,0,0,0,10.0,11,13,8,2,5,,1,0,0,2,49,1B,orrda01
622,Keith Osik,3031,10,1996,2005,0,0,0,,40.50,2,0,2,0,0,0,2.0,7,9,9,1,2,0,2,3,0,1,18,C-3B-1B,osikke01
623,José Osuna,26,4,2017,2020,0,0,0,,3.86,2,0,1,0,0,0,2.1,3,1,1,1,0,0,0,0,0,0,9,OF-1B-RF-3B,osunajo01
624,Lyle Overbay,37,14,2001,2014,0,0,0,,0.00,1,0,1,0,0,0,0.1,0,0,0,0,0,0,0,0,0,0,1,1B-DH,overbly01
625,Dewitt Owens,25,5,1926,1930,0,0,1,.000,14.54,1,0,0,0,0,0,4.1,11,8,7,1,2,,0,0,0,0,25,SS-2B,owensde01
626,Will Owens,30,8,1924,1933,0,0,0,,13.50,1,0,,0,0,0,2.0,5,6,3,,2,,1,0,,1,,SS,owenswi01
627,Chris Owings,273031,11,2013,2023,0,0,0,,12.27,3,0,3,0,0,0,3.2,10,5,5,2,1,0,0,0,0,0,23,SS-2B-OF-RF-CF-3B,owingch01
628,Charlie Pabor,242528,5,1871,1875,0,1,4,.200,5.96,10,4,5,3,0,0,51.1,81,80,34,4,10,,0,,0,5,272,OF-P,paborch01
629,Jermaine Palacios,25,1,2022,2022,0,0,0,,0.00,2,0,2,0,0,0,0.2,1,0,0,0,0,0,1,0,0,0,3,SS-2B,palacje01
630,Charlie Parks,21,8,1938,1947,0,0,0,,5.40,1,0,1,0,0,0,1.2,2,1,1,0,1,,1,0,,0,8,C,parksch01
631,Gerardo Parra,32,12,2009,2021,0,0,0,,inf,1,0,0,0,0,0,0.0,1,5,5,0,4,0,0,0,0,1,5,OF-RF-CF-1B,parrage01
632,Manuel Parrado,272833,3,1921,1927,0,2,0,1.000,0.48,3,2,0,1,0,1,18.2,11,5,1,0,12,,10,2,,1,76,1B,parrama02
633,Gene Paulette,27,6,1911,1920,0,0,0,,0.00,1,0,1,0,0,0,0.1,1,0,0,0,0,,0,0,0,0,2,1B-2B-SS-OF,paulege01
634,Dickey Pearce,39,7,1871,1877,0,0,0,,3.38,2,0,1,0,0,0,5.1,10,11,2,0,0,,0,,0,0,30,SS,pearcdi01
635,Lennie Pearson,23,12,1937,1948,6,0,1,.000,4.15,1,1,0,0,0,0,4.1,5,5,2,0,3,0,0,1,0,0,24,1B-3B-CF-2B,pearsle02
636,Bill Pecota,3132,9,1986,1994,0,0,0,,6.00,2,0,2,0,0,0,3.0,5,2,2,1,0,0,0,0,0,0,13,3B-SS-2B-OF-1B-RF-DH,pecotbi01
637,Rafael Pedroso,23,3,1926,1928,0,0,0,,2.25,1,0,,0,0,0,4.0,4,1,1,0,2,,2,0,,0,17,1B-C,pedrora01
638,Heinie Peitz,232628,16,1892,1913,0,0,1,.000,7.31,4,1,3,1,0,0,16.0,22,18,13,0,7,,3,3,0,0,78,C-3B-1B-2B-SS-OF,peitzhe01
639,Tony Peña,27,4,2006,2009,0,0,0,,0.00,1,0,1,0,0,0,1.0,0,0,0,0,0,0,1,0,0,0,3,SS,penato02
640,Cliff Pennington,34,11,2008,2018,0,0,0,,9.00,1,0,1,0,0,0,1.0,1,1,1,0,2,0,1,0,0,0,6,SS-2B-3B,pennicl01
641,Jimmy Peoples,21,6,1884,1889,0,0,2,.000,12.00,2,2,0,1,0,0,15.0,30,28,20,0,2,,4,3,1,1,82,C-SS-OF,peoplji01
642,David Peralta,33,11,2014,2024,0,0,0,,27.00,1,0,1,0,0,0,1.0,4,3,3,1,0,0,1,1,0,0,9,OF-RF-DH-CF,peralda01
643,José Peraza,2526,7,2015,2021,0,0,0,,5.40,3,0,2,0,0,0,1.2,3,1,1,0,0,0,0,0,0,0,7,SS-2B-OF-CF-3B,perazjo01
644,Jhonny Pereda,2829,2,2024,2025,0,0,0,,18.90,4,0,4,0,0,0,3.1,9,7,7,1,2,0,3,0,0,0,21,C,peredjh01
645,Carlos Pérez,32,5,2015,2023,0,0,0,,10.80,2,0,2,0,0,0,1.2,4,2,2,1,2,0,0,0,0,0,10,C-1B-DH,perezca02
646,Hernán Pérez,26272830,10,2012,2021,0,0,0,,5.79,9,0,7,0,0,0,9.1,11,6,6,2,4,0,5,1,0,0,42,3B-OF-2B-RF-SS-1B-CF,perezhe01
647,Tomás Pérez,28,12,1995,2008,0,0,0,,0.00,1,0,1,0,0,0,0.1,0,0,0,0,0,0,0,0,0,0,2,2B-SS-3B-1B,perezto03
648,George Perring,29,5,1908,1915,0,0,0,,13.50,1,0,1,0,0,0,0.2,2,1,1,0,1,,0,0,0,0,3,3B-1B-SS-2B,perrige01
649,John Peters,26,11,1874,1884,0,0,0,,0.00,1,0,1,0,0,1,1.0,1,1,0,0,1,,0,,0,0,5,SS-2B,peterjo01
650,Bryan Petersen,25,3,2010,2012,0,0,0,,0.00,1,0,1,0,0,0,1.0,0,0,0,0,1,0,0,0,0,0,4,OF-CF-RF,peterbr01
651,Jace Peterson,28313233,11,2014,2024,0,0,0,,12.00,6,0,6,0,0,0,6.0,13,8,8,2,4,0,4,0,0,0,34,2B-3B-OF-RF-1B-SS,peterja01
652,Bob Pettit,25,3,1887,1891,0,0,0,,0.00,1,0,1,0,0,1,1.0,3,8,0,1,2,,0,0,0,3,10,OF,pettibo01
653,Fred Pfeffer,24253234,16,1882,1897,0,2,1,.667,2.62,8,2,6,2,0,2,44.2,41,26,13,1,20,,13,1,0,4,194,2B-SS-1B,pfefffr01
654,Josh Phegley,28,8,2013,2020,0,0,0,,0.00,1,0,1,0,0,0,0.2,0,0,0,0,0,0,1,0,0,0,2,C,phegljo01
655,Brett Phillips,272829,7,2017,2023,0,0,0,,15.19,5,0,5,0,0,0,5.1,12,9,9,3,5,0,0,0,1,0,32,OF-CF-RF-DH,phillbr02
656,Jack Phillips,28,9,1947,1957,0,0,0,,7.20,1,0,1,0,0,0,5.0,7,4,4,0,1,0,2,0,0,2,22,1B-3B,phillja02
657,Dave Pierson,20,1,1876,1876,0,0,1,.000,inf,1,1,0,0,0,0,0.0,2,2,2,1,0,,0,,0,0,2,C-OF,piersda01
658,Kevin Pillar,32,13,2013,2025,0,0,0,,0.00,1,0,1,0,0,0,0.1,0,0,0,0,0,0,0,0,0,0,1,OF-CF-RF-DH,pillake01
659,Chad Pinder,30,7,2016,2022,0,0,0,,27.00,1,0,1,0,0,0,1.0,2,3,3,0,2,0,0,1,0,0,7,OF-RF-2B-3B-SS-DH-CF,pindech01
660,Ed Pinkham,24,1,1871,1871,0,1,0,1.000,3.48,3,0,3,0,0,1,10.1,10,8,4,0,3,,0,,0,5,51,3B,pinkhed01
661,George Pinkney,27,10,1884,1893,0,0,0,,4.50,1,0,1,0,0,0,2.0,2,1,1,0,0,,0,0,0,1,5,3B-2B-SS,pinknge01
662,René Pinto,26,3,2022,2024,0,0,0,,45.00,1,0,0,0,0,0,1.0,5,5,5,3,0,0,0,0,0,0,8,C,pintore02
663,Kevin Plawecki,2628293031,8,2015,2022,0,0,0,,4.70,7,0,7,0,0,0,7.2,6,4,4,3,1,0,0,0,0,0,30,C-1B,plaweke01
664,Tom Poorman,222629,6,1880,1888,0,3,9,.250,4.02,15,11,3,10,0,1,109.2,147,110,49,5,30,,14,0,0,9,519,OF-P,poormto01
665,Bartolo Portuondo,31,8,1920,1927,0,0,0,,,0,0,,0,0,0,0.0,0,0,0,,0,,0,0,,0,0,3B-1B-SS-2B,portuba01
666,Eddie Powell,27,3,1936,1938,0,0,0,,27.00,1,0,0,0,0,0,1.2,5,6,5,0,2,,0,0,,0,12,C,poweled01
667,Nick Pratto,25,3,2022,2024,0,0,0,,0.00,1,0,1,0,0,0,1.0,1,0,0,0,0,0,1,0,0,1,4,1B-OF,prattni01
668,Albert Pujols,42,22,2001,2022,11,0,0,,36.00,1,0,1,0,0,0,1.0,3,4,4,2,1,0,0,0,0,0,7,1B-DH-OF-3B-RF,pujolal01
669,Blondie Purcell,252627282930313233,12,1879,1890,0,15,43,.259,3.73,79,57,16,52,0,0,581.1,746,486,241,5,84,,138,1,0,59,2643,OF-P-3B,purcebl01
670,Roman Quinn,2526,6,2016,2022,0,0,1,.000,18.00,3,0,2,0,0,0,5.0,13,10,10,1,5,1,1,1,0,1,33,OF-CF-RF,quinnro01
671,Ryan Raburn,3234,12,2004,2017,0,0,0,,0.00,2,0,1,0,0,0,1.2,1,2,0,0,1,0,1,0,0,0,7,OF-RF-2B-DH-CF-3B-1B,raburry01
672,Alex Radcliff,32,17,1926,1946,13,0,0,,0.00,1,0,0,0,0,0,0.2,0,0,0,0,0,,0,1,,0,3,3B-SS,radclal01
673,Paul Radford,222325282931,12,1883,1894,0,0,4,.000,8.52,10,4,3,3,0,0,43.1,85,69,41,5,17,,13,0,0,3,223,OF-SS-3B-2B-P,radfopa01
674,Luke Raley,28,5,2021,2025,0,0,0,,30.38,2,0,1,0,0,0,2.2,11,9,9,2,0,0,1,0,0,0,19,OF-RF-1B-DH-CF,raleylu01
675,Alexei Ramírez,33,9,2008,2016,1,0,0,,0.00,1,0,1,0,0,0,1.0,1,0,0,0,0,0,0,1,0,0,5,SS-2B-OF-CF,ramiral03
676,Harry Raymond,27,5,1888,1892,0,1,0,1.000,1.00,1,1,0,1,0,0,9.0,8,2,1,0,11,,1,0,0,2,46,3B-SS,raymoha01
677,John Reccius,2223,2,1882,1883,0,4,6,.400,3.00,14,10,4,9,1,0,99.0,116,73,33,3,22,,31,,0,5,445,OF-P,reccijo01
678,Phil Reccius,22232425,8,1882,1890,0,6,12,.333,3.26,27,17,10,15,0,1,179.1,179,128,65,2,38,,56,5,0,19,782,3B-P-OF-SS,recciph01
679,Anthony Recker,29,7,2011,2017,0,0,0,,18.00,1,0,1,0,0,0,1.0,1,2,2,1,1,0,0,0,0,0,5,C,reckean01
680,Josh Reddick,34,13,2009,2021,0,0,0,,13.50,1,0,1,0,0,0,0.2,2,1,1,1,1,0,0,0,0,0,5,OF-RF-CF-DH,reddijo01
681,AJ Reed,26,4,2016,2019,0,0,0,,0.00,1,0,1,0,0,0,1.0,0,0,0,0,0,0,0,0,0,0,3,1B-DH,reedaj01
682,Bobby Reeves,27,6,1926,1931,0,0,0,,3.68,1,0,1,0,0,0,7.1,6,3,3,0,1,0,0,0,0,0,29,3B-SS-2B,reevebo01
683,Ambrose Reid,33,9,1921,1932,0,0,0,,9.00,2,0,,0,0,0,4.0,7,5,4,,0,,0,0,,0,,2B-3B-CF-RF-1B,reidam01
684,Desi Relaford,27,11,1996,2007,0,0,0,,0.00,1,0,1,0,0,0,1.0,0,0,0,0,0,0,1,0,0,0,3,SS-2B-3B-OF-RF,relafde01
685,Franmil Reyes,26,6,2018,2023,0,0,0,,0.00,1,0,1,0,0,0,1.0,0,0,0,0,0,0,1,1,0,0,3,DH-OF-RF,reyesfr01
686,José Reyes,35,16,2003,2018,4,0,0,,54.00,1,0,1,0,0,0,1.0,5,6,6,2,2,0,0,1,0,0,11,SS-3B-2B,reyesjo01
687,Pablo Reyes,28293031,7,2018,2025,0,0,0,,7.20,5,0,5,0,0,0,5.0,9,4,4,1,5,0,0,0,0,1,29,OF-3B-2B-SS-RF-CF,reyespa01
688,Craig Reynolds,3336,15,1975,1989,2,0,0,,27.00,2,0,1,0,0,0,2.0,6,7,6,0,3,0,1,1,0,1,17,SS-2B-3B-1B,reynocr01
689,Mark Reynolds,3435,13,2007,2019,0,0,0,,13.50,2,0,2,0,0,0,1.1,2,2,2,0,1,0,0,1,0,0,8,3B-1B-DH-OF,reynoma01
690,Matt Reynolds,31,6,2016,2023,0,0,0,,6.75,2,0,2,0,0,0,1.1,3,1,1,0,0,0,0,2,0,0,9,SS-3B-2B-OF-1B-RF,reynoma03
691,Sam Rice HOF,2526,20,1915,1934,0,1,1,.500,2.52,9,3,4,1,0,0,39.1,31,18,11,0,19,,12,0,0,1,156,OF-RF-CF,ricesa01
692,Danny Richardson,222324,11,1884,1894,0,7,3,.700,3.24,15,9,5,8,1,0,100.0,91,54,36,1,30,,38,0,0,4,416,2B-SS-OF-3B-P,richada01
693,Glen Richardson,20,2,1946,1947,0,0,0,,4.91,1,0,1,0,0,0,3.2,5,2,2,0,0,0,0,0,0,0,12,2B,richagl01
694,Hardy Richardson,3031,14,1879,1892,0,3,0,1.000,3.94,5,0,5,0,0,0,16.0,16,10,7,1,13,,6,,0,4,83,2B-OF-3B-SS-1B,richaha01
695,Bill Riggins,26,10,1920,1929,0,0,0,,13.50,1,0,1,0,0,0,0.2,1,1,1,0,1,,1,0,0,0,4,SS-3B-2B,riggibi01
696,Leo Rivas,2627,2,2024,2025,0,0,0,,0.00,3,0,3,0,0,0,3.0,5,1,0,0,1,0,0,0,0,0,15,2B-SS,rivasle01
697,Emmanuel Rivera,2829,5,2021,2025,0,0,0,,21.60,5,0,5,0,0,0,5.0,15,12,12,2,2,0,0,1,0,0,33,3B-1B-DH,riverem01
698,Anthony Rizzo,2831,14,2011,2024,3,0,0,,0.00,2,0,1,0,0,0,1.0,0,0,0,0,1,0,1,0,0,0,4,1B-DH-2B,rizzoan01
699,Leon Roberts,33,11,1974,1984,0,0,0,,27.00,1,0,1,0,0,0,1.0,4,3,3,1,1,0,1,0,0,0,8,OF-RF-DH-CF,roberle01
700,Daniel Robertson,242527,5,2017,2021,0,0,0,,0.00,3,0,3,0,0,0,3.0,2,0,0,0,0,0,0,0,0,0,10,2B-3B-SS,roberda10
701,Clint Robinson,30,4,2012,2016,0,0,0,,0.00,1,0,1,0,0,0,1.0,1,0,0,0,0,0,1,0,0,0,4,1B-OF-RF,robincl01
702,Shane Robinson,30,9,2009,2018,0,0,0,,0.00,1,0,1,0,0,0,1.0,0,0,0,0,1,0,1,0,0,0,4,OF-CF-RF,robinsh01
703,William Robinson,22242627,10,1882,1892,0,3,4,.429,3.34,14,4,10,4,0,1,89.0,109,74,33,1,29,,62,1,0,11,410,2B-3B-SS-OF-C-P,robinya01
704,Sean Rodríguez,34,13,2008,2020,0,0,0,,0.00,2,0,2,0,0,0,1.1,0,0,0,0,0,0,1,0,0,0,4,2B-OF-1B-SS-3B-RF-DH-CF,rodrise01
705,Jake Rogers,26,5,2019,2025,0,0,0,,18.00,1,0,0,0,0,0,1.0,2,2,2,0,1,0,0,0,0,0,6,C-DH,rogerja03
706,Cookie Rojas,28,16,1962,1977,5,0,0,,0.00,1,0,1,0,0,0,1.0,1,0,0,0,0,0,0,0,0,0,5,2B-OF-CF-3B-SS-DH-RF,rojasco01
707,Josh Rojas,2930,7,2019,2025,0,0,0,,13.50,4,0,4,0,0,0,4.0,7,6,6,1,3,0,1,0,0,0,21,3B-2B-OF-SS-RF-DH,rojasjo01
708,Miguel Rojas,343536,12,2014,2025,0,0,0,,11.57,6,0,5,0,0,0,7.0,13,9,9,3,1,0,0,2,0,0,37,SS-3B-1B-2B,rojasmi02
709,Julio Rojo,2935,7,1923,1929,0,0,0,,9.00,2,0,1,0,0,0,5.0,8,8,5,0,3,,0,0,,0,25,C-3B-1B,rojoju01
710,Andrew Romine,2830313235,11,2010,2021,0,0,0,,12.15,8,0,7,0,0,0,6.2,12,9,9,4,5,0,2,2,0,2,39,SS-3B-2B-OF-1B-CF-DH-RF,rominan01
711,Austin Romine,30,11,2011,2022,0,0,0,,27.00,1,0,1,0,0,0,1.0,4,3,3,2,0,0,0,0,0,0,7,C-1B-DH,rominau01
712,José Rondón,25,4,2016,2021,0,0,0,,0.00,1,0,1,0,0,0,1.0,2,0,0,0,0,0,0,0,0,0,5,SS-3B-2B-DH-OF,rondojo02
713,Ben Rortvedt,26,4,2021,2025,0,0,0,,4.50,1,0,1,0,0,0,2.0,3,1,1,1,2,0,1,0,0,0,11,C,rortvbe01
714,Adam Rosales,32,11,2008,2018,0,0,0,,9.00,2,0,2,0,0,0,2.0,2,3,2,2,1,0,1,0,0,0,10,2B-SS-3B-1B-DH-OF,rosalad01
715,Amed Rosario,29,9,2017,2025,0,0,0,,36.00,1,0,1,0,0,0,1.0,5,4,4,1,2,0,0,0,0,0,10,SS-2B-OF-DH-3B-RF-CF,rosaram01
716,James Roseman,282930,7,1882,1890,0,0,1,.000,7.88,4,1,2,0,0,0,16.0,20,25,14,0,7,,1,2,0,0,70,OF-1B,rosemch01
717,Cody Ross,28,12,2003,2015,0,0,0,,0.00,1,0,1,0,0,0,1.0,1,0,0,0,0,0,0,0,0,0,4,OF-RF-CF-DH,rossco01
718,David Ross,38,15,2002,2016,0,0,0,,0.00,2,0,2,0,0,0,2.0,0,0,0,0,0,0,0,0,0,0,6,C,rossda01
719,Jack Rothrock,23,11,1925,1937,0,0,0,,0.00,1,0,1,0,0,0,1.0,0,0,0,0,0,0,0,0,0,0,3,OF-RF-CF-SS-2B-3B-1B,rothrja01
720,Dave Rowe,22272829,7,1877,1888,0,1,2,.333,9.78,4,3,1,2,0,0,23.0,54,51,25,4,11,,3,,0,3,137,OF-SS,roweda01
721,Joe Royal,26,4,1938,1944,0,0,0,,9.95,1,1,0,0,0,0,6.1,12,8,7,1,3,,1,0,,0,33,,royaljo01
722,Ryan Rua,28,5,2014,2018,0,0,0,,0.00,1,0,1,0,0,0,1.0,0,0,0,0,0,0,1,0,0,0,3,OF-1B-RF-DH,ruary01
723,Darin Ruf,3435,9,2012,2023,0,0,0,,6.00,2,0,2,0,0,0,3.0,4,2,2,0,0,0,0,0,0,0,13,1B-OF-DH-RF,rufda01
724,Carlos Ruiz,38,12,2006,2017,1,0,0,,9.00,1,0,1,0,0,0,1.0,2,1,1,1,2,0,1,0,0,0,7,C,ruizca01
725,John Russell,28,10,1984,1993,0,0,0,,0.00,1,0,1,0,0,0,0.1,0,0,0,0,0,0,0,0,0,0,1,C-OF-RF-DH-1B,russejo02
726,Babe Ruth HOF,19202122232425263538,22,1914,1935,2,94,46,.671,2.28,163,147,12,107,17,4,1221.1,974,400,309,10,441,0,488,29,4,25,4896,OF-RF-P-CF-1B,ruthba01
727,Brendan Ryan,33,10,2007,2016,0,0,0,,0.00,1,0,1,0,0,0,2.0,2,0,0,0,0,0,0,0,0,0,8,SS-2B-3B,ryanbr01
728,Jimmy Ryan,2324252830,18,1885,1903,0,6,1,.857,3.62,24,5,16,3,0,2,117.0,133,85,47,8,44,,43,6,1,6,501,OF-CF-SS-P-RF,ryanji01
729,Johnny Ryan,202122,5,1873,1877,0,1,5,.167,4.08,12,6,4,4,0,0,70.2,105,83,32,1,9,,2,,0,18,355,OF-P,ryanjo01
730,César Salazar,29,3,2023,2025,0,0,0,,0.00,1,0,1,0,0,0,1.0,0,0,0,0,0,0,0,1,0,0,4,C,salazce01
731,Luis Salazar,31,13,1980,1992,0,0,0,,4.50,2,0,2,0,0,0,2.0,2,1,1,0,1,0,0,0,0,2,9,3B-OF-SS-CF-RF-1B-DH,salazlu01
732,Gary Sánchez,32,11,2015,2025,2,0,0,,36.00,1,0,1,0,0,0,1.0,2,4,4,1,1,0,0,1,0,0,7,C-DH,sanchga02
733,Yolmer Sanchez,2830,8,2014,2022,0,0,0,,9.00,2,0,2,0,0,0,2.0,5,2,2,1,0,0,0,0,0,0,10,2B-3B-SS-DH,sanchca01
734,Pablo Sandoval,3132,14,2008,2021,2,0,0,,0.00,2,0,2,0,0,0,2.0,0,0,0,0,0,0,0,1,0,0,6,3B-1B-DH-C,sandopa01
735,Miguel Sanó,31,9,2015,2024,1,0,0,,0.00,1,0,1,0,0,0,0.1,0,0,0,0,0,0,0,0,0,0,1,3B-1B-DH-RF-OF,sanomi01
736,Javier Sanoja,22,2,2024,2025,0,0,0,,19.80,4,0,4,0,0,0,5.0,16,11,11,2,2,0,0,0,0,0,32,OF-2B-SS-CF,sanojja01
737,Luis Sardiñas,2324,5,2014,2018,0,0,0,,0.00,2,0,2,0,0,0,2.0,1,0,0,0,0,0,0,0,0,0,7,SS-2B-3B,sardilu01
738,Augustus Saunders,22,3,1927,1932,0,0,0,,0.00,1,0,,0,0,1,2.0,1,0,0,,0,,0,0,,0,,2B,saundau01
739,George Scales,3738,20,1921,1946,1,0,0,,5.63,3,0,1,0,0,0,8.0,9,5,5,0,5,,2,0,,0,11,3B-2B-1B-SS-RF,scalege01
740,Germany Schaefer,3637,15,1901,1918,0,0,0,,18.00,2,0,1,0,0,0,1.0,3,2,2,1,0,,0,0,0,0,6,2B-1B-3B-SS-OF-RF-CF,schaege01
741,Frank Scheibeck,22,8,1887,1906,0,0,1,.000,12.00,1,1,0,1,0,0,9.0,17,18,12,1,4,,3,1,0,1,52,SS,scheifr01
742,Bill Schenck,27,3,1882,1885,0,1,0,1.000,0.90,2,1,1,1,0,0,10.0,6,2,1,0,1,,4,,0,0,38,3B-SS,schenbi01
743,George Schmees,27,1,1952,1952,0,0,0,,3.00,2,1,1,0,0,0,6.0,9,2,2,0,2,0,2,0,0,1,28,OF-RF-CF,schmege01
744,Charles Schmidt,22,4,1909,1915,0,0,0,,7.20,1,0,1,0,0,0,5.0,10,8,4,0,1,,2,0,1,0,24,1B,schmibu01
745,Jumbo Schoeneck,26,3,1884,1889,0,0,0,,0.00,2,0,2,0,0,0,4.1,5,4,0,0,1,,1,0,0,1,23,1B,schoeju01
746,Jonathan Schoop,31,11,2013,2023,1,0,0,,0.00,1,0,1,0,0,0,1.1,1,0,0,0,0,0,1,0,0,0,5,2B-1B-3B-SS-DH,schoojo01
747,Max Schrock,252627,3,2020,2022,0,0,0,,12.27,4,0,4,0,0,0,3.2,7,5,5,2,0,0,1,0,0,0,19,OF-2B-3B,schroma01
748,Skip Schumaker,313334,11,2005,2015,0,0,0,,4.50,4,0,4,0,0,0,4.0,4,2,2,1,5,0,3,0,0,0,21,OF-2B-RF-CF,schumsk01
749,Frank Schwindel,30,3,2019,2022,0,0,0,,18.00,3,0,3,0,0,0,3.0,8,6,6,4,1,0,0,0,0,0,18,1B-DH,schwifr01
750,Milt Scott,25,4,1882,1886,0,0,0,,3.00,1,0,1,0,0,0,3.0,2,2,1,0,2,,0,1,0,1,19,1B,scottmi01
751,Charlie See,23,3,1919,1921,0,0,0,,6.00,1,0,1,0,0,0,6.0,6,8,4,0,4,,3,0,0,0,29,OF-CF-RF,seech01
752,Emmett Seery,25,9,1884,1892,0,0,0,,7.71,2,0,2,0,0,0,7.0,8,7,6,1,3,,2,,0,0,28,OF,seeryem01
753,Kevin Seitzer,31,12,1986,1997,2,0,0,,0.00,1,0,1,0,0,0,0.1,0,0,0,0,0,0,1,0,0,0,1,3B-1B-DH-OF-2B,seitzke01
754,Frank Sellman,22,5,1871,1875,0,0,1,.000,8.00,1,1,0,1,0,0,9.0,21,26,8,0,0,,0,,0,0,60,C-3B,selmafr01
755,Brian Serven,27,3,2022,2024,0,0,0,,0.00,1,0,1,0,0,0,1.0,0,0,0,0,1,0,0,0,0,0,3,C,servebr01
756,Cy Seymour,232425262729,16,1896,1913,0,61,56,.521,3.73,141,124,15,105,6,1,1038.0,954,632,430,25,659,,591,86,8,60,4670,OF-CF-RF-P,seymocy01
757,John Shearon,20,2,1891,1896,0,1,3,.250,3.52,6,5,1,4,0,0,46.0,57,39,18,2,24,,19,1,0,1,220,OF,shearjo01
758,Scott Sheldon,31,5,1997,2001,0,0,0,,0.00,1,0,0,0,0,0,0.1,0,0,0,0,0,0,1,0,0,0,1,3B-SS-2B-1B,sheldsc01
759,Ray Sheppard,29,6,1924,1932,0,0,0,,9.00,1,0,,0,0,0,1.0,3,1,1,,0,,0,0,,0,,3B-SS-2B,sheppra01
760,Razor Shines,28,4,1983,1987,0,0,0,,0.00,1,0,1,0,0,0,1.0,1,0,0,0,0,0,0,0,0,0,4,1B,shinera01
761,George Shoch,29,11,1886,1897,0,0,0,,0.00,1,0,1,0,0,0,3.0,2,0,0,0,1,,0,0,0,0,13,OF-SS-2B-3B,shochge01
762,Zack Short,28,4,2021,2024,0,0,0,,6.00,6,0,6,0,0,0,6.0,12,4,4,0,1,0,1,1,0,0,32,SS-2B-3B,shortza01
763,JB Shuck,2932,7,2011,2019,0,0,0,,4.50,2,0,2,0,0,0,2.0,2,1,1,0,1,0,0,0,0,0,9,OF-RF-CF-DH,shuckja01
764,Andrelton Simmons,32,11,2012,2022,0,0,0,,45.00,1,0,1,0,0,0,1.0,5,5,5,0,1,0,0,0,0,0,9,SS-2B,simmoan01
765,Harry Simpson,21,11,1946,1959,1,0,0,,27.00,1,0,0,0,0,0,0.1,2,1,1,0,0,0,0,0,0,0,3,OF-RF-1B-CF,simpsha01
766,Joe Simpson,31,9,1975,1983,0,0,0,,3.00,2,0,2,0,0,0,3.0,4,1,1,0,2,0,1,0,0,0,15,OF-CF-RF-1B,simpsjo01
767,George Sisler HOF,22232527323335,15,1915,1930,0,5,6,.455,2.35,24,12,8,9,1,3,111.0,91,36,29,0,52,0,63,6,1,2,453,1B-OF-P-RF-CF,sislege01
768,Austin Slater,28,9,2017,2025,0,0,0,,0.00,1,0,1,0,0,0,0.1,0,0,0,0,1,0,0,0,0,0,2,OF-CF-RF-1B-DH,slateau01
769,Clarence Smith,,10,1921,1933,0,0,0,,10.80,2,0,0,0,0,0,5.0,7,6,6,0,7,,1,0,0,0,28,RF-CF-1B-2B-3B,smithcl02
770,Dominic Smith,29,9,2017,2025,0,0,0,,0.00,3,0,3,0,0,0,3.0,2,0,0,0,1,0,0,0,0,0,11,1B-OF-DH,smithdo02
771,Elmer Smith,18192021242630,14,1886,1901,0,75,57,.568,3.35,149,136,11,122,9,0,1210.1,1167,714,450,20,422,,525,40,1,84,5237,OF-P-RF,smithel01
772,George Smith,29,6,1897,1903,0,0,1,.000,8.10,2,1,1,1,0,0,13.1,24,13,12,0,5,,5,3,0,0,70,2B,smithhe01
773,Germany Smith,25,15,1884,1898,0,0,0,,9.00,1,0,1,0,0,0,1.0,3,2,1,0,0,,1,,0,1,6,SS-2B,smithge01
774,Henry Smith,,4,1942,1945,0,0,0,,0.00,1,0,,0,0,0,2.2,1,0,0,0,0,,4,0,,0,9,2B-SS,smithhe04
775,Pavin Smith,28,6,2020,2025,0,0,0,,0.00,1,0,1,0,0,0,1.0,0,0,0,0,1,0,0,1,0,0,5,OF-RF-1B-DH-CF,smithpa04
776,Pop Smith,26,12,1880,1891,0,0,0,,6.35,3,0,3,0,0,0,5.2,10,7,4,0,0,,0,,0,0,28,2B-SS-3B-OF,smithpo01
777,Willie Smith,242529,9,1963,1971,0,2,4,.333,3.10,29,3,10,0,0,2,61.0,60,26,21,7,24,3,39,1,1,3,258,OF-1B-RF-P,smithwi02
778,Jake Smolinski,29,5,2014,2018,0,0,0,,18.00,1,0,1,0,0,0,1.0,2,2,2,1,0,0,0,0,0,0,5,OF-CF-RF,smolija01
779,Sylvester Snead,2831,4,1938,1946,0,1,1,.500,4.50,3,1,0,1,0,0,10.0,10,5,5,0,4,0,3,0,0,0,43,RF-2B-SS-3B,sneadsy01
780,Travis Snider,26,8,2008,2015,0,0,0,,18.00,1,0,1,0,0,0,1.0,1,2,2,0,2,0,1,0,0,0,6,OF-RF-DH,snidetr01
781,Felton Snow,313539,17,1931,1947,2,1,0,1.000,4.34,4,1,3,0,0,0,18.2,15,10,9,1,3,0,14,0,0,0,76,3B-SS-2B,snowfe01
782,Eric Sogard,35,11,2010,2021,0,0,0,,6.23,5,0,5,0,0,0,4.1,7,3,3,2,0,0,1,1,0,0,21,2B-SS-3B-DH-OF,sogarer01
783,Joe Sommer,2426272831,10,1880,1890,0,0,0,,9.64,6,0,5,0,0,1,14.0,33,25,15,1,7,,3,0,0,3,84,OF-3B-2B-SS,sommejo01
784,Cory Spangenberg,27,7,2014,2022,0,0,0,,13.50,2,0,2,0,0,0,2.0,4,3,3,0,3,0,0,0,0,0,12,3B-2B-OF,spangco01
785,Joe Sparks,26,4,1937,1940,0,0,1,.000,16.88,1,1,0,0,0,0,2.2,7,6,5,0,2,0,4,1,0,0,18,2B-SS,sparkjo01
786,Tris Speaker HOF,26,22,1907,1928,0,0,0,,9.00,1,0,1,0,0,0,1.0,2,1,1,0,0,,0,0,0,0,4,OF-CF-1B,speaktr01
787,Codie Spearman,28,1,1926,1926,0,0,0,,40.50,1,1,0,0,0,0,0.2,2,3,3,0,3,,0,0,0,0,7,RF-3B,spearco01
788,Scott Spiezio,34,12,1996,2007,0,0,0,,0.00,1,0,1,0,0,0,1.0,0,0,0,0,1,0,0,0,0,0,4,1B-2B-3B-OF-DH-RF,spiezsc01
789,Mike Squires,32,10,1975,1985,0,0,0,,0.00,1,0,1,0,0,0,0.1,0,0,0,0,0,0,0,0,0,0,1,1B-3B,squirmi01
790,James Stafford,22,8,1890,1899,0,3,9,.250,5.14,12,12,0,11,0,0,98.0,123,89,56,8,43,,21,4,0,3,465,OF-2B-SS-P-3B,staffge01
791,Chick Stahl,26,10,1897,1906,0,0,0,,9.00,1,0,1,0,0,0,2.0,2,2,2,0,3,,0,0,0,0,11,OF-CF,stahlch01
792,Jacob Stallings,293335,10,2016,2025,0,0,0,,4.09,9,0,9,0,0,0,11.0,14,5,5,1,0,0,2,2,0,0,47,C,stallja01
793,Joe Stanley,162225,7,1897,1909,0,0,0,,9.39,3,0,3,0,0,0,7.2,7,9,8,1,5,,4,2,0,2,34,OF-RF-CF,stanljo02
794,Max Stassi,28,10,2013,2022,0,0,0,,0.00,1,0,1,0,0,0,0.1,0,0,0,0,0,0,0,0,0,0,1,C,stassma01
795,Turkey Stearnes HOF,22,18,1923,1940,5,0,1,.000,15.43,1,1,0,0,0,0,7.0,13,14,12,3,4,,2,1,0,0,37,CF,steartu99
796,Michael Stefanic,2829,4,2022,2025,0,0,0,,0.00,2,0,2,0,0,0,2.0,1,0,0,0,0,0,0,1,0,0,8,2B,stefami01
797,Jake Stephens,37,12,1923,1937,1,0,0,,0.00,1,0,1,0,0,0,0.1,0,0,0,0,0,0,0,0,0,0,1,SS-2B,stephja02
798,Harry Stovey,232629,14,1880,1893,0,0,0,,6.75,4,0,3,0,0,0,9.1,15,9,7,0,3,,7,0,0,2,46,OF-1B,stoveha01
799,Dee Strange-Gordon,34,11,2011,2022,2,0,0,,27.00,1,0,1,0,0,0,1.0,2,3,3,1,3,0,0,1,0,0,8,2B-SS-OF-CF,gordode01
800,Felton Stratton,29,6,1923,1933,0,0,0,,0.00,1,0,,0,0,0,0.1,0,0,0,,0,,0,0,,0,1,3B-SS,stratfe01
801,Joe Strauss,27,3,1884,1886,0,0,0,,4.50,2,0,2,0,0,1,4.0,6,4,2,0,3,,0,0,0,1,29,OF,straujo02
802,Cub Stricker,23252829,11,1882,1893,0,2,0,1.000,3.58,8,0,8,0,0,1,27.2,30,14,11,0,11,,10,1,0,3,128,2B-SS-OF,striccu01
803,Garrett Stubbs,2931,6,2019,2024,0,0,0,,16.43,8,0,8,0,0,0,7.2,13,14,14,5,3,0,1,0,0,0,37,C-OF,stubbga01
804,Jesús Sucre,27293031,7,2013,2019,0,0,0,,14.40,6,0,5,0,0,0,5.0,12,8,8,1,2,0,0,0,1,0,28,C,sucreje01
805,Joe Sugden,31,13,1893,1912,0,0,0,,0.00,1,0,1,0,0,0,1.0,1,0,0,0,0,,0,0,0,0,4,C-1B-OF,sugdejo01
806,Marty Sullivan,24,5,1887,1891,0,0,0,,7.71,1,0,0,0,0,0,2.1,6,2,2,0,1,,1,0,0,0,13,OF,sullima01
807,Pat Sullivan,22,1,1884,1884,0,0,1,.000,11.57,1,1,0,0,0,0,7.0,15,17,9,1,5,,1,,0,0,42,3B,sullipa01
808,Suter Sullivan,25,2,1898,1899,0,0,0,,1.50,1,0,1,0,0,0,6.0,10,4,1,0,4,,3,0,0,0,31,3B-OF-SS,sullisu01
809,Billy Sunday,27,8,1883,1890,0,0,0,,inf,1,0,0,0,0,0,0.0,2,2,2,0,0,,0,0,0,0,2,OF,sundabi01
810,Mule Suttles HOF,2431323542,21,1924,1944,5,0,0,,6.75,5,0,1,0,0,0,16.0,29,13,12,0,6,,6,1,,1,83,1B-RF-2B-3B,suttlmu99
811,Ezra Sutton,25,18,1871,1888,0,0,0,,10.50,2,0,2,0,0,0,6.0,14,13,7,0,0,,0,,0,1,34,3B-SS-OF-2B-1B,suttoez01
812,Ichiro Suzuki HOF,41,19,2001,2019,10,0,0,,9.00,1,0,1,0,0,0,1.0,2,1,1,0,0,0,0,0,0,0,5,OF-RF-CF-DH,suzukic01
813,Ed Swartwood,2531,9,1881,1892,0,0,0,,6.75,2,0,2,0,0,0,5.1,8,6,4,0,1,,1,0,0,0,27,OF-1B,swarted01
814,Nick Swisher,28,12,2004,2015,1,0,0,,0.00,1,0,1,0,0,0,1.0,1,0,0,0,1,0,1,0,0,0,5,OF-RF-1B-CF-DH,swishni01
815,Lou Sylvester,29,3,1884,1887,0,0,1,.000,3.58,6,1,5,1,0,1,32.2,32,27,13,0,6,,7,,0,0,140,OF,sylvelo01
816,Jeff Tackett,27,4,1991,1994,0,0,0,,0.00,1,0,1,0,0,0,1.0,1,0,0,0,1,0,0,0,0,0,5,C,tackeje01
817,Doug Taitt,25,4,1928,1932,0,0,0,,27.00,1,0,1,0,0,0,1.0,2,3,3,0,2,0,1,0,0,0,7,OF-RF,taittdo01
818,Mike Tauchman,30,8,2017,2025,0,0,0,,9.00,1,0,1,0,0,0,1.0,3,1,1,0,0,0,0,0,0,0,6,OF-CF-RF-DH,tauchmi01
819,Ben Taylor HOF,31323337,10,1920,1929,0,2,1,.667,2.00,16,1,,1,1,1,36.0,31,10,8,1,8,,12,0,,0,145,1B-P,taylobe99
820,Candy Jim Taylor,,19,1920,1942,0,1,6,.143,6.15,25,6,3,1,0,0,79.0,102,61,54,8,23,,21,1,0,2,246,3B-P-2B-SS,tayloca02
821,Michael A. Taylor,31,12,2014,2025,0,0,0,,9.00,1,0,1,0,0,0,2.0,5,2,2,1,2,0,2,0,0,0,13,OF-CF-RF-DH,taylomi02
822,George Tebeau,2528,6,1887,1895,0,0,1,.000,11.77,2,1,1,1,0,0,13.0,30,24,17,0,8,,1,1,0,1,76,OF-1B,tebeage01
823,Patsy Tebeau,31,13,1887,1900,0,0,0,,,1,0,1,0,0,0,0.0,1,0,0,0,0,,0,0,0,0,1,1B-3B-2B-SS,tebeapa01
824,Rubén Tejada,26,9,2010,2019,0,0,0,,18.00,1,0,1,0,0,0,1.0,2,2,2,2,0,0,0,0,0,0,5,SS-2B-3B,tejadru01
825,Rowdy Tellez,2829,8,2018,2025,0,0,0,,4.91,4,0,4,0,0,0,3.2,6,2,2,0,1,0,1,2,0,0,19,1B-DH,tellero01
826,Fred Tenney,33,17,1894,1911,0,0,0,,4.50,1,0,0,0,0,0,2.0,5,4,1,0,1,,0,0,0,1,13,1B-OF-C,tennefr02
827,Jerry Terrell,3233,8,1973,1980,0,0,0,,0.00,2,0,2,0,0,0,2.0,1,0,0,0,1,0,0,0,0,0,8,3B-SS-2B-DH-1B-OF-RF,terreje01
828,Dave Thomas,24,11,1929,1946,0,0,0,,17.18,1,0,,0,0,0,3.2,5,7,7,,5,,2,0,,0,,1B,thomada03
829,Lane Thomas,27,7,2019,2025,0,0,0,,27.00,1,0,1,0,0,0,1.0,3,3,3,1,0,0,1,0,0,0,6,OF-RF-CF,thomala02
830,Roy Thomas,26,13,1899,1911,0,0,0,,3.38,1,0,1,0,0,0,2.2,4,1,1,0,0,,0,0,0,1,12,OF-CF-1B-RF,thomaro01
831,Bob Thurman,293031,8,1946,1959,0,5,9,.357,5.43,24,15,7,7,1,0,109.1,115,83,66,4,53,0,54,7,0,0,498,OF-RF-P,thurmbo01
832,Eddie Tiemeyer,21,3,1906,1909,0,0,0,,0.00,1,0,1,0,0,0,1.0,1,0,0,0,1,,1,0,0,0,3,,tiemeed01
833,Mike Tiernan,20,13,1887,1899,0,1,2,.333,8.69,5,0,4,0,0,1,19.2,33,25,19,2,7,,3,1,0,1,91,OF,tiernmi01
834,Carlos Tocci,22,1,2018,2018,0,0,0,,0.00,1,0,0,0,0,0,0.2,0,0,0,0,0,0,0,0,0,0,2,OF-CF-RF,toccica01
835,Steven Tolleson,30,4,2010,2015,0,0,0,,0.00,2,0,2,0,0,0,1.0,1,0,0,0,0,0,1,0,0,0,4,2B-3B-SS-OF,tollest01
836,Ka'ai Tom,27,2,2021,2022,0,0,0,,0.00,1,0,1,0,0,0,1.0,1,0,0,0,0,0,0,0,0,0,4,OF,tomka01
837,Andy Tomberlin,27,6,1993,1998,0,0,0,,0.00,1,0,1,0,0,0,2.0,1,0,0,0,1,0,1,0,0,0,8,OF-RF-DH-CF,tombean01
838,Abraham Toro,28,7,2019,2025,0,0,0,,18.00,1,0,1,0,0,0,1.0,4,2,2,0,1,0,0,0,0,0,8,3B-2B-DH-1B,toroab01
839,Luis Torrens,2628,8,2017,2025,0,1,0,1.000,3.86,3,0,3,0,0,0,2.1,3,2,1,1,0,0,0,0,0,0,11,C-DH,torrelu01
840,Gil Torres,2430,4,1940,1946,0,0,0,,5.59,5,0,3,0,0,1,9.2,12,7,6,0,3,0,3,0,0,0,43,SS-3B-2B,torregi01
841,Héctor Torres,26,9,1968,1977,0,0,0,,27.00,1,0,1,0,0,0,0.2,5,2,2,0,0,0,0,0,0,0,7,SS-2B-3B,torrehe01
842,Ronald Torreyes,28,7,2015,2021,0,0,0,,13.50,2,0,2,0,0,0,2.2,6,4,4,2,0,0,1,0,0,0,14,3B-SS-2B,torrero01
843,César Tovar,27,12,1965,1976,0,0,0,,0.00,1,1,0,0,0,0,1.0,0,0,0,0,1,0,1,0,1,0,4,OF-CF-3B-2B-RF-DH-SS,tovarce01
844,Alan Trejo,2729,5,2021,2025,0,0,0,,9.00,3,0,3,0,0,0,3.0,5,3,3,2,0,0,1,0,0,0,13,2B-SS-3B,trejoal01
845,Jose Trevino,31,8,2018,2025,1,0,0,,13.50,2,0,2,0,0,0,2.0,5,3,3,0,2,0,0,0,0,0,13,C,trevijo01
846,Quincy Trouppe,1819,11,1930,1952,8,1,1,.500,4.82,2,1,0,1,0,0,9.1,12,6,5,0,3,,5,0,,0,42,C-RF,troupqu01
847,Cole Tucker,27,6,2019,2024,0,0,0,,0.00,1,0,1,0,0,0,1.0,1,0,0,0,1,0,0,0,0,0,4,OF-SS-RF-CF-2B-DH,tuckeco01
848,Tommy Tucker,2427,13,1887,1899,0,0,0,,5.40,2,0,2,0,0,0,3.1,7,3,2,0,0,,2,0,0,1,17,1B-OF,tucketo01
849,Henry Turner,28,6,1938,1943,0,0,0,,0.00,1,0,,0,0,0,2.0,1,0,0,,0,,0,0,,0,,C-RF,turnehe01
850,Justin Turner,36,17,2009,2025,2,0,0,,0.00,1,0,1,0,0,0,1.0,2,0,0,0,0,0,0,0,0,0,5,3B-DH-2B-1B-SS,turneju01
851,Tuck Turner,27,6,1893,1898,0,0,0,,7.50,1,0,1,0,0,0,6.0,9,5,5,1,2,,3,1,0,0,29,OF,turnetu01
852,Larry Twitchell,22232425262730,9,1886,1894,0,17,11,.607,4.62,42,29,11,26,0,2,280.2,307,200,144,10,135,,70,28,1,20,1293,OF-P,twitcla01
853,Richard Ureña,23,3,2017,2019,0,0,0,,36.00,1,0,1,0,0,0,1.0,4,4,4,1,1,0,0,0,0,0,8,SS-2B,urenari01
854,Pat Valaika,28,6,2016,2021,0,0,0,,0.00,2,0,2,0,0,0,1.1,0,0,0,0,0,0,0,0,0,0,5,2B-SS-3B-1B-OF,valaipa01
855,Wilson Valdez,33,7,2004,2012,0,1,0,1.000,0.00,1,0,1,0,0,0,1.0,0,0,0,0,0,0,0,1,0,0,4,SS-2B-3B-OF,valdewi01
856,Danny Valencia,33,9,2010,2018,0,0,0,,0.00,1,0,1,0,0,0,0.1,0,0,0,0,0,0,1,0,0,0,1,3B-1B-OF-DH-RF,valenda01
857,Jesmuel Valentín,24,1,2018,2018,0,0,0,,27.00,1,0,1,0,0,0,1.0,2,3,3,1,2,0,1,0,0,0,7,3B,valenje01
858,Jonathan Van Every,2930,3,2008,2010,0,0,0,,10.80,2,0,2,0,0,0,1.2,3,2,2,1,1,0,1,0,0,0,9,OF-RF-CF,vanevjo01
859,George Van Haltren,212224252629303435,17,1887,1903,0,40,31,.563,4.05,93,68,23,65,5,4,689.1,809,527,310,34,244,,281,57,1,46,3141,OF-CF-P-SS-RF,vanhage01
860,Ike Van Zandt,2529,3,1901,1905,0,0,0,,4.66,3,0,3,0,0,0,19.1,18,15,10,0,10,,5,2,0,0,85,OF-RF-CF,vanzaik01
861,Josh VanMeter,27,4,2019,2022,0,0,0,,39.00,3,0,3,0,0,0,3.0,15,13,13,5,2,0,0,0,0,0,27,2B-OF-1B-3B,vanmejo01
862,Ildemaro Vargas,303132,9,2017,2025,0,0,0,,3.60,5,0,5,0,0,0,5.0,5,2,2,2,1,0,0,2,0,0,22,3B-2B-SS-OF,vargail01
863,Farmer Vaughn,27,13,1886,1899,0,0,0,,3.86,1,0,1,0,0,0,7.0,12,9,3,0,1,,0,1,0,0,35,C-1B-OF-3B,vaughfa01
864,Armando Vázquez,25,5,1944,1948,0,1,1,.500,6.32,3,2,1,1,0,0,15.2,22,17,11,2,3,0,7,2,0,0,75,1B,vazquar01
865,Bobby Veach,30,14,1912,1925,0,0,0,,4.50,1,0,1,0,0,1,2.0,2,1,1,0,2,,0,0,0,0,9,OF-RF-CF,veachbo01
866,Peek-A-Boo Veach,2225,3,1884,1890,0,3,10,.231,2.55,13,13,0,13,0,0,113.0,100,63,32,2,18,,64,0,0,10,466,1B-OF-P,veachpe01
867,Robin Ventura,36,16,1989,2004,2,0,0,,0.00,1,0,1,0,0,0,1.0,1,0,0,0,0,0,0,0,0,0,4,3B-1B,venturo01
868,David Villar,26,4,2022,2025,0,0,0,,0.00,1,0,1,0,0,0,1.0,0,0,0,0,1,0,0,0,0,0,3,3B-1B-2B-DH,villada01
869,Jake Virtue,2829,5,1890,1894,0,0,0,,1.80,2,0,1,0,0,0,5.0,3,3,1,0,4,,2,0,0,0,22,1B-OF,virtuja01
870,Jason Vosler,29,4,2021,2024,0,0,0,,4.50,2,0,2,0,0,0,2.0,5,1,1,0,0,0,0,0,0,0,11,3B-1B,vosleja01
871,Tyler Wade,30,9,2017,2025,0,0,0,,9.00,1,0,1,0,0,0,1.0,2,1,1,0,1,0,0,0,0,0,6,2B-OF-SS-3B-CF-RF-DH,wadety01
872,Honus Wagner HOF,2628,21,1897,1917,0,0,0,,0.00,2,0,2,0,0,0,8.1,7,5,0,0,6,,6,0,0,3,37,SS-OF-1B-3B-RF-2B-CF,wagneho01
873,Mark Wagner,30,9,1976,1984,0,0,0,,0.00,1,0,1,0,0,0,1.2,2,0,0,0,1,0,1,0,0,0,7,SS-2B-3B,wagnema01
874,Hoss Walker,3642,19,1929,1948,0,0,0,,0.00,2,0,2,0,0,0,2.2,1,0,0,0,0,0,3,0,0,0,9,SS-3B,walkeho01
875,Neil Walker,34,12,2009,2020,0,0,0,,0.00,1,0,1,0,0,0,0.2,0,0,0,0,1,0,0,0,0,0,3,2B-1B-3B-OF-RF-DH,walkene01
876,Bobby Wallace HOF,20212228,25,1894,1918,0,24,22,.522,3.87,57,48,9,37,3,1,402.0,469,268,173,6,156,,120,13,0,16,1799,SS-3B-P-2B-OF,wallabo01
877,Tim Wallach,2931,17,1980,1996,5,0,0,,4.50,2,0,2,0,0,0,2.0,3,1,1,0,0,0,0,0,1,0,7,3B-1B-OF-RF,wallati01
878,Matt Wallner,26,4,2022,2025,0,0,0,,0.00,1,0,1,0,0,0,1.1,2,0,0,0,0,0,0,0,0,0,6,OF-RF-DH,wallnma01
879,Dee Walsh,25,3,1913,1915,0,0,0,,13.50,1,0,0,0,0,0,2.0,2,4,3,0,2,,0,0,0,0,11,OF-SS-RF-CF,walshde01
880,Jared Walsh,25,6,2019,2024,1,0,0,,1.80,5,0,5,0,0,0,5.0,3,1,1,0,6,0,5,0,0,0,23,1B-OF-RF,walshja01
881,Jimmy Walsh,25,6,1910,1915,0,0,1,.000,13.50,1,0,0,0,0,0,2.2,7,8,4,1,1,,1,0,0,0,15,3B-2B-OF-RF-SS-CF,walshji01
882,Donovan Walton,2830,5,2019,2024,0,0,0,,13.50,2,0,2,0,0,0,2.0,5,3,3,1,1,0,0,0,0,1,12,2B-SS,waltodo01
883,John Ward HOF,18192021222324,17,1878,1894,0,164,103,.614,2.10,293,262,32,245,24,3,2469.2,2324,1185,576,26,253,,920,,0,144,10164,SS-2B-P-OF-3B,wardjo01
884,Jesse Warren,32,5,1940,1948,0,0,0,,7.94,2,0,1,0,0,0,5.2,7,5,5,0,2,0,2,0,0,0,24,3B,warreje01
885,Edgar Washington,22,1,1920,1920,0,0,0,,36.00,1,1,,0,0,0,1.0,5,5,4,0,1,,0,0,,1,9,1B,washied01
886,Jasper Washington,25,4,1922,1933,0,0,1,.000,15.43,1,1,,0,0,0,2.1,6,6,4,1,5,,1,0,,0,19,1B-3B-RF,washija01
887,Charlie Watts,,4,1924,1927,0,0,0,,0.00,1,0,,0,0,0,1.0,0,0,0,,0,,0,0,,0,3,2B-1B-SS-3B,wattsch01
888,Curt Welch,28,10,1884,1893,0,0,0,,54.00,1,0,1,0,0,0,1.0,6,6,6,0,0,,1,0,0,0,9,OF-2B,welchcu01
889,Casper Wells,28,4,2010,2013,0,0,1,.000,27.00,2,0,1,0,0,0,1.2,3,5,5,0,4,1,1,0,0,0,12,OF-RF-CF-DH,wellsca01
890,Willie Wells HOF,40,21,1924,1948,10,0,0,,0.00,1,0,1,0,0,0,0.2,0,0,0,0,0,0,0,0,0,0,2,SS-3B-2B,wellswi99
891,Perry Werden,22,7,1884,1897,0,12,1,.923,1.97,16,16,0,12,1,0,141.1,113,61,31,1,22,,51,,0,5,575,1B-P-OF,werdepe01
892,Charles Wesley,31,9,1921,1939,0,0,1,.000,27.00,1,1,,0,0,0,1.1,5,5,4,1,1,,1,0,,0,12,2B-RF-1B-SS,weslech01
893,Harry Wheeler,2021242526,6,1878,1884,0,7,6,.538,4.70,14,10,4,8,0,0,97.2,117,80,51,1,43,,41,,0,17,456,OF-P-1B,wheelha01
894,Bill White,26,5,1883,1888,0,0,0,,9.00,1,0,1,0,0,0,1.0,2,2,1,0,2,,1,0,0,0,7,SS-3B,whitebi02
895,Deacon White HOF,2842,20,1871,1890,0,0,0,,7.20,2,0,2,0,0,1,10.0,19,15,8,0,2,,3,0,0,0,51,3B-C-OF-1B-2B,whitede01
896,Tyler White,252628,4,2016,2019,0,0,0,,18.56,6,0,5,0,0,0,5.1,10,11,11,6,5,0,2,0,0,0,31,1B-DH,whitety01
897,Milt Whitehead,22,1,1884,1884,0,0,1,.000,9.00,1,1,0,1,0,0,8.0,14,9,8,0,2,,2,,0,2,41,SS,whitemi01
898,Gil Whitehouse,21,2,1912,1915,0,0,0,,0.00,1,0,1,0,0,0,1.0,0,0,0,0,1,,0,0,0,0,4,OF-RF,whitegi01
899,Mark Whiten,31,11,1990,2000,0,0,0,,9.00,1,0,1,0,0,0,1.0,1,1,1,0,2,0,3,1,0,0,7,OF-RF-CF-DH,whitema01
900,Art Whitney,242831,11,1880,1891,0,0,1,.000,4.76,5,2,3,1,0,0,28.1,39,24,15,1,15,,16,0,0,1,135,3B-SS,whitnar01
901,Whitey Wietelmann,2627,9,1939,1947,0,0,0,,14.09,4,0,3,0,0,0,7.2,15,14,12,1,6,1,2,1,0,1,48,SS-2B-3B,wietewh01
902,Stevie Wilkerson,2729,3,2018,2021,0,0,0,,7.11,5,0,5,0,0,1,6.1,8,5,5,3,0,0,1,0,0,0,27,OF-CF-2B-RF,wilkest01
903,Henry Williams,42,8,1923,1937,0,0,0,,0.00,1,0,1,0,0,0,2.2,1,0,0,0,0,0,0,0,0,0,9,C-1B-2B,willihe01
904,Luke Williams,2627,5,2021,2025,0,0,0,,3.60,4,0,4,0,0,0,5.0,5,2,2,0,1,0,0,1,0,0,22,OF-3B-2B-SS-DH-CF,willilu01
905,Nish Williams,32,10,1930,1939,0,0,0,,21.60,3,0,,0,0,0,5.0,13,14,12,1,8,,2,0,,0,37,C-RF-2B,willini02
906,Ted Williams HOF,21,19,1939,1960,19,0,0,,4.50,1,0,1,0,0,0,2.0,3,1,1,0,0,0,1,0,0,0,9,OF-RF,willite01
907,Ed Williamson,23242526272829,13,1878,1890,0,1,1,.500,3.34,12,1,9,1,0,3,35.0,38,31,13,1,5,,7,0,0,2,160,3B-SS-C-P,willine01
908,Bill Wilson,26,4,1950,1955,0,0,0,,0.00,1,0,1,0,0,0,1.0,1,0,0,0,1,0,1,0,0,0,5,OF-CF-RF,wilsobi02
909,Glenn Wilson,28,10,1982,1993,1,0,0,,0.00,1,0,1,0,0,0,1.0,0,0,0,0,0,0,1,0,0,0,3,OF-RF-CF-1B,wilsogl01
910,Josh Wilson,262834,8,2005,2015,0,0,1,.000,9.00,4,0,4,0,0,0,4.0,6,4,4,2,3,0,0,0,0,0,19,SS-2B-3B,wilsojo03
911,Percy Wilson,24,2,1923,1924,0,0,0,,6.00,1,0,1,0,0,0,3.0,3,3,2,0,4,,0,0,0,0,16,1B,wilsope02
912,Weston Wilson,2930,3,2023,2025,0,0,0,,0.00,3,0,3,0,0,0,4.0,4,0,0,0,0,0,0,0,0,0,16,OF,wilsowe01
913,Will Wilson,26,1,2025,2025,0,0,0,,9.00,1,0,1,0,0,0,2.0,2,2,2,1,0,0,0,0,0,0,8,2B-3B,wilsowi03
914,David Wingfield,262729,3,1920,1923,0,0,0,,12.00,4,0,0,0,0,0,6.0,14,12,8,1,7,,3,0,0,0,38,2B,wingfda01
915,Tom Winsett,27,7,1930,1938,0,0,0,,18.00,1,0,1,0,0,0,1.0,3,2,2,0,2,0,0,0,0,0,7,OF,winseto01
916,Patrick Wisdom,32,7,2018,2024,0,0,0,,0.00,1,0,1,0,0,0,0.1,1,0,0,0,1,0,0,0,0,0,3,3B-1B-OF-DH-RF,wisdopa01
917,Dewayne Wise,34,11,2000,2013,0,0,0,,0.00,2,0,2,0,0,0,1.2,1,0,0,0,1,0,0,0,0,0,6,OF-CF-RF-DH,wisede01
918,Brett Wisely,24,3,2023,2025,0,0,0,,9.00,1,0,1,0,0,0,1.0,1,1,1,1,0,0,0,0,0,0,4,2B-SS-OF-CF,wiselbr01
919,Chicken Wolf,202324,11,1882,1892,0,0,0,,10.80,3,0,2,0,0,0,10.0,19,21,12,0,3,,2,0,0,2,58,OF-SS-1B-C-3B-2B,wolfji01
920,Harry Wolter,2224,7,1907,1917,0,4,6,.400,3.75,15,9,5,1,0,0,84.0,96,48,35,1,50,,29,6,0,3,368,OF-RF-CF-1B-P,wolteha01
921,George Wood,24262930,13,1880,1892,0,0,0,,5.25,5,0,5,0,0,2,12.0,18,16,7,0,5,,3,0,0,3,58,OF-3B-SS,woodge01
922,Jason Wood,37,5,1998,2008,0,0,0,,0.00,1,0,1,0,0,0,1.0,0,0,0,0,0,0,0,0,0,0,3,1B-3B-SS,woodja02
923,Junior Wooten,24,2,1947,1948,0,0,0,,9.00,1,0,1,0,0,0,2.0,2,2,2,0,2,0,1,0,0,0,10,OF-CF-RF,wooteju01
924,Danny Worth,28,6,2010,2016,0,0,0,,4.50,2,0,2,0,0,0,2.0,4,1,1,0,0,0,2,0,0,0,10,2B-SS-3B,worthda01
925,George Wright HOF,2829,12,1871,1882,0,0,1,.000,5.40,3,0,2,0,0,0,5.0,6,3,3,0,0,,1,,0,1,21,SS-2B,wrighge01
926,Willis Wyman,24,1,1884,1884,0,0,1,.000,6.86,3,1,2,1,0,0,21.0,37,29,16,0,3,,9,,0,8,105,OF,wymanfr01
927,Austin Wynns,3031,7,2018,2025,0,0,0,,12.00,3,0,3,0,0,0,3.0,4,4,4,2,1,0,0,0,0,0,14,C,wynnsau01
928,Mike Yastrzemski,33,7,2019,2025,0,0,0,,18.00,1,0,1,0,0,0,1.0,2,2,2,0,3,0,0,0,0,0,8,OF-RF-CF,yastrmi01
929,Seby Zavala,29,5,2019,2024,0,0,0,,0.00,1,0,1,0,0,0,0.2,0,0,0,0,0,0,0,0,0,0,2,C,zavalse01
930,Todd Zeile,3638,16,1989,2004,0,0,0,,22.50,2,0,2,0,0,0,2.0,5,5,5,0,2,0,1,0,0,0,12,3B-1B-C,zeileto01
931,Ben Zobrist,38,14,2006,2019,3,0,0,,0.00,1,0,1,0,0,0,1.0,0,0,0,0,2,0,1,0,0,0,5,2B-OF-RF-SS-CF-DH-1B,zobribe01
932,Charles Zomphier,20,5,1926,1931,0,0,0,,9.00,1,0,1,0,0,0,2.0,2,3,2,1,3,,0,0,0,0,11,2B-3B-1B,zomphch01